STATION,STATION_NAME,ELEVATION,LATITUDE,LONGITUDE,DATE,EMXP,MXSD,DSNW,TPCP,TSNW,EMXT,EMNT,MMXT,MMNT,MNTM
COOP:095061,LEESBURG 2 GA US,79.2,31.76333,-84.18694,200107,206,0,0,578,0,98,65,925,713,819
COOP:095061,LEESBURG 2 GA US,79.2,31.76333,-84.18694,200108,98,0,0,311,0,96,65,913,708,811
COOP:095061,LEESBURG 2 GA US,79.2,31.76333,-84.18694,200109,196,0,0,541,0,90,48,842,628,735
COOP:095061,LEESBURG 2 GA US,79.2,31.76333,-84.18694,200110,55,0,0,88,0,86,32,785,493,639
COOP:095061,LEESBURG 2 GA US,79.2,31.76333,-84.18694,200111,119,0,0,186,0,83,30,765,480,623
COOP:095061,LEESBURG 2 GA US,79.2,31.76333,-84.18694,200112,82,0,0,131,0,79,27,-9999,441,-9999
COOP:095061,LEESBURG 2 GA US,79.2,31.76333,-84.18694,200201,105,0,0,329,0,82,19,660,378,519
COOP:095061,LEESBURG 2 GA US,79.2,31.76333,-84.18694,200202,163,0,0,232,0,73,19,621,365,493
COOP:095061,LEESBURG 2 GA US,79.2,31.76333,-84.18694,200203,185,0,0,445,0,87,22,758,447,603
COOP:095061,LEESBURG 2 GA US,79.2,31.76333,-84.18694,200204,134,0,0,382,0,92,43,826,589,708
COOP:095061,LEESBURG 2 GA US,79.2,31.76333,-84.18694,200205,53,0,0,174,0,93,48,867,617,742
COOP:095061,LEESBURG 2 GA US,79.2,31.76333,-84.18694,200206,62,0,0,212,0,99,64,909,694,802
COOP:095061,LEESBURG 2 GA US,79.2,31.76333,-84.18694,200207,146,0,0,433,0,101,68,934,708,821
COOP:095061,LEESBURG 2 GA US,79.2,31.76333,-84.18694,200208,180,0,0,348,0,100,62,919,706,813
COOP:095061,LEESBURG 2 GA US,79.2,31.76333,-84.18694,200209,387,0,0,636,0,99,62,891,696,794
COOP:095061,LEESBURG 2 GA US,79.2,31.76333,-84.18694,200210,249,0,0,412,0,92,43,796,613,705
COOP:095061,LEESBURG 2 GA US,79.2,31.76333,-84.18694,200211,187,0,0,341,0,80,25,660,420,540
COOP:095061,LEESBURG 2 GA US,79.2,31.76333,-84.18694,200212,190,0,0,439,0,76,27,605,355,480
COOP:095061,LEESBURG 2 GA US,79.2,31.76333,-84.18694,200301,125,0,0,180,0,80,13,579,323,451
COOP:095061,LEESBURG 2 GA US,79.2,31.76333,-84.18694,200302,155,0,0,435,0,77,29,631,387,509
COOP:095061,LEESBURG 2 GA US,79.2,31.76333,-84.18694,200303,138,0,0,573,0,85,34,730,515,623
COOP:095061,LEESBURG 2 GA US,79.2,31.76333,-84.18694,200304,110,0,0,354,0,87,37,793,537,665
COOP:095061,LEESBURG 2 GA US,79.2,31.76333,-84.18694,200305,186,0,0,512,0,93,55,862,645,754
COOP:095061,LEESBURG 2 GA US,79.2,31.76333,-84.18694,200306,254,0,0,677,0,94,59,892,695,794
COOP:095061,LEESBURG 2 GA US,79.2,31.76333,-84.18694,200307,127,0,0,571,0,94,71,900,730,815
COOP:095061,LEESBURG 2 GA US,79.2,31.76333,-84.18694,200308,150,0,0,590,0,95,71,894,732,813
COOP:095061,LEESBURG 2 GA US,79.2,31.76333,-84.18694,200309,113,0,0,246,0,91,49,851,642,747
COOP:095061,LEESBURG 2 GA US,79.2,31.76333,-84.18694,200311,156,0,0,230,0,84,27,745,478,612
COOP:095061,LEESBURG 2 GA US,79.2,31.76333,-84.18694,200312,65,0,0,150,0,72,23,595,327,461
COOP:095061,LEESBURG 2 GA US,79.2,31.76333,-84.18694,200401,109,0,0,170,0,79,24,613,332,473
COOP:095061,LEESBURG 2 GA US,79.2,31.76333,-84.18694,200402,160,0,0,566,0,71,26,584,375,480
COOP:095061,LEESBURG 2 GA US,79.2,31.76333,-84.18694,200403,9,0,0,17,0,85,32,759,454,607
COOP:095061,LEESBURG 2 GA US,79.2,31.76333,-84.18694,200404,72,0,0,149,0,88,37,782,484,633
COOP:095061,LEESBURG 2 GA US,79.2,31.76333,-84.18694,200405,160,0,0,248,0,94,47,868,642,755
COOP:095061,LEESBURG 2 GA US,79.2,31.76333,-84.18694,200406,151,0,0,831,0,94,66,885,704,795
COOP:095061,LEESBURG 2 GA US,79.2,31.76333,-84.18694,200407,73,0,0,349,0,96,66,917,718,818
COOP:095061,LEESBURG 2 GA US,79.2,31.76333,-84.18694,200408,170,0,0,379,0,97,63,889,699,794
COOP:095061,LEESBURG 2 GA US,79.2,31.76333,-84.18694,200409,567,0,0,1282,0,89,56,825,671,748
COOP:095061,LEESBURG 2 GA US,79.2,31.76333,-84.18694,200410,30,0,0,77,0,88,45,792,590,691
COOP:095061,LEESBURG 2 GA US,79.2,31.76333,-84.18694,200411,175,0,0,461,0,85,34,711,488,600
COOP:095061,LEESBURG 2 GA US,79.2,31.76333,-84.18694,200412,120,0,0,290,0,78,22,602,360,481
COOP:095061,LEESBURG 2 GA US,79.2,31.76333,-84.18694,200501,163,0,0,267,0,75,18,635,388,512
COOP:095061,LEESBURG 2 GA US,79.2,31.76333,-84.18694,200502,109,0,0,315,0,79,29,630,406,518
COOP:095061,LEESBURG 2 GA US,79.2,31.76333,-84.18694,200503,375,0,0,796,0,80,28,671,430,551
COOP:095061,LEESBURG 2 GA US,79.2,31.76333,-84.18694,200504,210,0,0,656,0,84,39,738,492,615
COOP:095061,LEESBURG 2 GA US,79.2,31.76333,-84.18694,200505,156,0,0,258,0,93,49,829,582,706
COOP:095061,LEESBURG 2 GA US,79.2,31.76333,-84.18694,200506,223,0,0,950,0,96,63,864,698,781
COOP:095061,LEESBURG 2 GA US,79.2,31.76333,-84.18694,200507,508,0,0,811,0,98,68,915,742,829
COOP:095061,LEESBURG 2 GA US,79.2,31.76333,-84.18694,200508,144,0,0,631,0,99,70,906,743,825
COOP:095061,LEESBURG 2 GA US,79.2,31.76333,-84.18694,200509,140,0,0,256,0,99,61,915,695,805
COOP:095061,LEESBURG 2 GA US,79.2,31.76333,-84.18694,200510,25,0,0,95,0,91,36,814,561,688
COOP:095061,LEESBURG 2 GA US,79.2,31.76333,-84.18694,200511,136,0,0,336,0,86,31,737,461,599
COOP:095061,LEESBURG 2 GA US,79.2,31.76333,-84.18694,200512,181,0,0,430,0,74,22,593,338,466
COOP:095061,LEESBURG 2 GA US,79.2,31.76333,-84.18694,200601,112,0,0,419,0,78,29,680,411,546
COOP:095061,LEESBURG 2 GA US,79.2,31.76333,-84.18694,200602,236,0,0,424,0,79,25,616,378,497
COOP:095061,LEESBURG 2 GA US,79.2,31.76333,-84.18694,200603,40,0,0,69,0,87,31,727,437,582
COOP:095061,LEESBURG 2 GA US,79.2,31.76333,-84.18694,200604,70,0,0,190,0,91,41,840,569,705
COOP:095061,LEESBURG 2 GA US,79.2,31.76333,-84.18694,200605,117,0,0,277,0,99,49,873,616,745
COOP:095061,LEESBURG 2 GA US,79.2,31.76333,-84.18694,200606,155,0,0,229,0,101,58,937,678,808
COOP:095061,LEESBURG 2 GA US,79.2,31.76333,-84.18694,200607,156,0,0,318,0,102,63,963,711,837
COOP:095061,LEESBURG 2 GA US,79.2,31.76333,-84.18694,200608,394,0,0,635,0,100,70,955,744,850
COOP:095061,LEESBURG 2 GA US,79.2,31.76333,-84.18694,200609,137,0,0,248,0,96,48,879,658,769
COOP:095061,LEESBURG 2 GA US,79.2,31.76333,-84.18694,200610,98,0,0,272,0,93,35,792,520,656
COOP:095061,LEESBURG 2 GA US,79.2,31.76333,-84.18694,200611,172,0,0,242,0,82,32,691,434,563
COOP:095061,LEESBURG 2 GA US,79.2,31.76333,-84.18694,200612,160,0,0,415,0,80,20,658,422,540
COOP:095061,LEESBURG 2 GA US,79.2,31.76333,-84.18694,200701,188,0,0,589,0,78,23,616,407,512
COOP:095061,LEESBURG 2 GA US,79.2,31.76333,-84.18694,200702,200,0,0,313,0,79,21,613,349,481
COOP:095061,LEESBURG 2 GA US,79.2,31.76333,-84.18694,200703,43,0,0,68,0,89,30,763,466,615
COOP:095061,LEESBURG 2 GA US,79.2,31.76333,-84.18694,200704,395,0,0,462,0,87,31,765,505,635
COOP:095061,LEESBURG 2 GA US,79.2,31.76333,-84.18694,200705,0,0,0,0,0,92,48,879,598,739
COOP:095061,LEESBURG 2 GA US,79.2,31.76333,-84.18694,200706,203,0,0,646,0,98,60,912,686,799
COOP:095061,LEESBURG 2 GA US,79.2,31.76333,-84.18694,200707,131,0,0,660,0,99,65,932,721,827
COOP:095061,LEESBURG 2 GA US,79.2,31.76333,-84.18694,200708,153,0,0,641,0,106,71,977,753,865
COOP:095061,LEESBURG 2 GA US,79.2,31.76333,-84.18694,200709,197,0,0,396,0,93,56,880,674,777
COOP:095061,LEESBURG 2 GA US,79.2,31.76333,-84.18694,200710,75,0,0,262,0,87,44,797,579,688
COOP:095061,LEESBURG 2 GA US,79.2,31.76333,-84.18694,200711,140,0,0,152,0,80,29,706,422,564
COOP:095061,LEESBURG 2 GA US,79.2,31.76333,-84.18694,200712,250,0,0,744,0,80,29,657,439,548
COOP:095061,LEESBURG 2 GA US,79.2,31.76333,-84.18694,200801,115,0,0,393,0,75,20,560,363,462
COOP:095061,LEESBURG 2 GA US,79.2,31.76333,-84.18694,200802,243,0,0,624,0,78,24,649,390,520
COOP:095061,LEESBURG 2 GA US,79.2,31.76333,-84.18694,200803,130,0,0,268,0,83,29,696,429,563
COOP:095061,LEESBURG 2 GA US,79.2,31.76333,-84.18694,200804,121,0,0,273,0,85,36,754,535,645
COOP:095061,LEESBURG 2 GA US,79.2,31.76333,-84.18694,200805,115,0,0,267,0,93,48,847,611,729
COOP:095061,LEESBURG 2 GA US,79.2,31.76333,-84.18694,200806,161,0,0,393,0,99,60,930,688,809
COOP:095061,LEESBURG 2 GA US,79.2,31.76333,-84.18694,200807,186,0,0,385,0,99,62,913,706,810
COOP:095061,LEESBURG 2 GA US,79.2,31.76333,-84.18694,200808,442,0,0,1242,0,100,63,887,709,798
COOP:095061,LEESBURG 2 GA US,79.2,31.76333,-84.18694,200809,75,0,0,91,0,93,51,862,657,760
COOP:095061,LEESBURG 2 GA US,79.2,31.76333,-84.18694,200810,175,0,0,405,0,89,31,754,521,638
COOP:095061,LEESBURG 2 GA US,79.2,31.76333,-84.18694,200811,147,0,0,282,0,76,24,658,403,531
COOP:095061,LEESBURG 2 GA US,79.2,31.76333,-84.18694,200812,532,0,0,624,0,76,26,646,421,534
COOP:095061,LEESBURG 2 GA US,79.2,31.76333,-84.18694,200901,63,0,0,173,0,75,20,605,365,485
COOP:095061,LEESBURG 2 GA US,79.2,31.76333,-84.18694,200902,19,0,0,27,0,75,17,621,354,488
COOP:095061,LEESBURG 2 GA US,79.2,31.76333,-84.18694,200903,255,0,0,755,0,82,28,683,461,572
COOP:095061,LEESBURG 2 GA US,79.2,31.76333,-84.18694,200904,213,0,0,817,0,88,34,746,511,629
COOP:095061,LEESBURG 2 GA US,79.2,31.76333,-84.18694,200907,104,0,0,305,0,-9999,-9999,-9999,-9999,-9999
COOP:095061,LEESBURG 2 GA US,79.2,31.76333,-84.18694,200908,180,0,0,731,0,94,61,890,702,796
COOP:095061,LEESBURG 2 GA US,79.2,31.76333,-84.18694,200909,85,0,0,154,0,90,49,860,673,767
COOP:095061,LEESBURG 2 GA US,79.2,31.76333,-84.18694,200910,200,0,0,614,0,90,37,763,567,665
COOP:095061,LEESBURG 2 GA US,79.2,31.76333,-84.18694,200911,77,0,0,233,0,79,32,670,451,561
COOP:095061,LEESBURG 2 GA US,79.2,31.76333,-84.18694,200912,360,0,0,1345,0,77,28,579,377,478
COOP:095061,LEESBURG 2 GA US,79.2,31.76333,-84.18694,201001,376,0,0,930,0,70,17,545,329,437
COOP:095061,LEESBURG 2 GA US,79.2,31.76333,-84.18694,201002,63,0,0,325,0,70,24,526,327,427
COOP:095061,LEESBURG 2 GA US,79.2,31.76333,-84.18694,201003,71,0,0,219,0,77,29,639,418,529
COOP:095061,LEESBURG 2 GA US,79.2,31.76333,-84.18694,201004,187,0,0,287,0,88,43,792,521,657
COOP:095061,LEESBURG 2 GA US,79.2,31.76333,-84.18694,201005,341,0,0,540,0,93,52,858,645,752
COOP:095061,LEESBURG 2 GA US,79.2,31.76333,-84.18694,201006,90,0,0,340,0,99,65,933,711,822
COOP:095061,LEESBURG 2 GA US,79.2,31.76333,-84.18694,201007,65,0,0,110,0,103,63,956,721,839
COOP:095061,LEESBURG 2 GA US,79.2,31.76333,-84.18694,201008,120,0,0,593,0,103,70,928,738,833
COOP:095061,LEESBURG 2 GA US,79.2,31.76333,-84.18694,201009,140,0,0,197,0,98,55,905,655,780
COOP:095061,LEESBURG 2 GA US,79.2,31.76333,-84.18694,201010,42,0,0,61,0,89,40,817,511,664
COOP:095061,LEESBURG 2 GA US,79.2,31.76333,-84.18694,201011,70,0,0,182,0,79,29,699,434,567
COOP:095061,LEESBURG 2 GA US,79.2,31.76333,-84.18694,201012,90,0,0,187,0,78,18,533,300,417
COOP:095061,LEESBURG 2 GA US,79.2,31.76333,-84.18694,201101,112,-9999,0,466,0,73,19,538,321,430
COOP:095061,LEESBURG 2 GA US,79.2,31.76333,-84.18694,201102,105,-9999,0,455,0,80,27,638,401,520
COOP:095061,LEESBURG 2 GA US,79.2,31.76333,-84.18694,201103,106,-9999,0,366,0,85,32,714,472,593
COOP:095061,LEESBURG 2 GA US,79.2,31.76333,-84.18694,201104,120,-9999,0,158,0,90,37,811,536,674
COOP:095061,LEESBURG 2 GA US,79.2,31.76333,-84.18694,201105,19,-9999,0,41,0,97,42,881,588,735
COOP:095061,LEESBURG 2 GA US,79.2,31.76333,-84.18694,201106,98,-9999,0,246,0,101,66,960,699,830
COOP:095061,LEESBURG 2 GA US,79.2,31.76333,-84.18694,201107,347,-9999,0,693,0,97,69,925,723,824
COOP:095061,LEESBURG 2 GA US,79.2,31.76333,-84.18694,201108,113,-9999,0,343,0,100,62,948,715,832
COOP:095061,LEESBURG 2 GA US,79.2,31.76333,-84.18694,201109,124,-9999,0,227,0,94,54,861,634,748
COOP:095061,LEESBURG 2 GA US,79.2,31.76333,-84.18694,201110,63,-9999,0,261,0,91,36,766,496,631
COOP:095061,LEESBURG 2 GA US,79.2,31.76333,-84.18694,201111,30,-9999,0,109,0,86,26,714,464,589
COOP:095061,LEESBURG 2 GA US,79.2,31.76333,-84.18694,201112,76,-9999,0,281,0,78,27,644,418,531
COOP:095061,LEESBURG 2 GA US,79.2,31.76333,-84.18694,201201,148,-9999,0,318,0,77,19,652,394,523
COOP:095061,LEESBURG 2 GA US,79.2,31.76333,-84.18694,201202,206,-9999,0,261,0,81,21,657,445,551
COOP:095061,LEESBURG 2 GA US,79.2,31.76333,-84.18694,201203,170,-9999,0,411,0,88,37,793,545,669
COOP:095061,LEESBURG 2 GA US,79.2,31.76333,-84.18694,201204,128,-9999,0,245,0,89,39,788,547,668
COOP:095061,LEESBURG 2 GA US,79.2,31.76333,-84.18694,201205,148,-9999,0,355,0,94,52,869,633,751
COOP:095061,LEESBURG 2 GA US,79.2,31.76333,-84.18694,201206,108,-9999,0,327,0,101,59,873,660,767
COOP:095061,LEESBURG 2 GA US,79.2,31.76333,-84.18694,201207,67,-9999,0,357,0,105,69,948,723,836
COOP:095061,LEESBURG 2 GA US,79.2,31.76333,-84.18694,201208,130,-9999,0,621,0,95,63,883,705,794
COOP:095061,LEESBURG 2 GA US,79.2,31.76333,-84.18694,201209,97,-9999,0,275,0,93,52,866,648,757
COOP:095061,LEESBURG 2 GA US,79.2,31.7633,-84.1869,201210,51,-9999,0,86,0,87,39,783,545,664
COOP:095061,LEESBURG 2 GA US,79.2,31.7633,-84.1869,201211,90,-9999,0,124,0,86,25,677,418,548
COOP:095061,LEESBURG 2 GA US,79.2,31.7633,-84.1869,201212,140,-9999,0,379,0,79,27,647,435,541
COOP:095061,LEESBURG 2 GA US,79.2,31.7633,-84.1869,201301,71,-9999,0,191,0,80,29,659,438,548
COOP:095061,LEESBURG 2 GA US,79.2,31.7633,-84.1869,201302,297,-9999,0,1288,0,71,24,615,395,505
COOP:095061,LEESBURG 2 GA US,79.2,31.7633,-84.1869,201303,163,-9999,0,441,0,77,27,635,394,515
COOP:095061,LEESBURG 2 GA US,79.2,31.7633,-84.1869,201304,145,-9999,0,378,0,85,38,758,536,647
COOP:095061,LEESBURG 2 GA US,79.2,31.7633,-84.1869,201305,110,-9999,0,246,0,91,44,816,590,703
COOP:095061,LEESBURG 2 GA US,79.2,31.7633,-84.1869,201306,262,-9999,0,757,0,95,67,885,702,794
COOP:095061,LEESBURG 2 GA US,79.2,31.7633,-84.1869,201307,174,-9999,0,957,0,91,69,869,717,793
COOP:095061,LEESBURG 2 GA US,79.2,31.7633,-84.1869,201308,130,-9999,0,718,0,95,62,881,711,796
COOP:095061,LEESBURG 2 GA US,79.2,31.7633,-84.1869,201309,106,-9999,0,224,0,93,57,858,670,764
COOP:095061,LEESBURG 2 GA US,79.2,31.7633,-84.1869,201310,192,-9999,0,206,0,87,37,777,563,670
COOP:095061,LEESBURG 2 GA US,79.2,31.7633,-84.1869,201311,157,-9999,0,399,0,81,26,667,438,552
COOP:095061,LEESBURG 2 GA US,79.2,31.7633,-84.1869,201312,231,-9999,0,737,0,79,29,629,431,530
COOP:095061,LEESBURG 2 GA US,79.2,31.7633,-84.1869,201401,84,-9999,0,362,0,68,16,530,310,420
COOP:095061,LEESBURG 2 GA US,79.2,31.7633,-84.1869,201402,323,-9999,0,658,0,80,27,618,414,516
COOP:095061,LEESBURG 2 GA US,79.2,31.7633,-84.1869,201403,215,-9999,0,515,0,79,30,657,434,546
COOP:095061,LEESBURG 2 GA US,79.2,31.7633,-84.1869,201404,236,-9999,0,1074,0,84,36,754,533,643
COOP:095061,LEESBURG 2 GA US,79.2,31.7633,-84.1869,201405,112,-9999,0,198,0,93,47,836,618,727
COOP:095061,LEESBURG 2 GA US,79.2,31.7633,-84.1869,201406,57,-9999,0,268,0,97,64,907,700,804
COOP:095061,LEESBURG 2 GA US,79.2,31.7633,-84.1869,201407,61,-9999,0,244,0,96,61,900,707,804
COOP:090145,ALBANY SW GEORGIA REGIONAL AIRPORT GA US,unknown,unknown,unknown,194801,100,0,-9999,468,0,70,18,551,343,447
COOP:090145,ALBANY SW GEORGIA REGIONAL AIRPORT GA US,unknown,unknown,unknown,194802,129,0,-9999,302,0,84,27,672,460,566
COOP:090145,ALBANY SW GEORGIA REGIONAL AIRPORT GA US,unknown,unknown,unknown,194803,323,0,-9999,1355,0,87,35,725,527,626
COOP:090145,ALBANY SW GEORGIA REGIONAL AIRPORT GA US,unknown,unknown,unknown,194804,451,0,-9999,475,0,91,47,827,597,712
COOP:090145,ALBANY SW GEORGIA REGIONAL AIRPORT GA US,unknown,unknown,unknown,194805,96,0,-9999,337,0,99,51,901,635,768
COOP:090145,ALBANY SW GEORGIA REGIONAL AIRPORT GA US,unknown,unknown,unknown,194806,167,0,-9999,403,0,101,62,942,709,826
COOP:090145,ALBANY SW GEORGIA REGIONAL AIRPORT GA US,unknown,unknown,unknown,194807,217,0,-9999,964,0,99,69,919,722,820
COOP:090145,ALBANY SW GEORGIA REGIONAL AIRPORT GA US,61.9,31.53333,-84.18333,194808,85,0,-9999,311,0,100,64,912,710,811
COOP:090145,ALBANY SW GEORGIA REGIONAL AIRPORT GA US,61.9,31.53333,-84.18333,194809,101,0,-9999,365,0,94,58,861,667,764
COOP:090145,ALBANY SW GEORGIA REGIONAL AIRPORT GA US,61.9,31.53333,-84.18333,194810,217,0,-9999,401,0,84,38,770,516,643
COOP:090145,ALBANY SW GEORGIA REGIONAL AIRPORT GA US,61.9,31.53333,-84.18333,194811,197,0,-9999,539,0,86,34,728,503,616
COOP:090145,ALBANY SW GEORGIA REGIONAL AIRPORT GA US,61.9,31.53333,-84.18333,194812,257,0,-9999,752,0,80,30,654,455,555
COOP:090145,ALBANY SW GEORGIA REGIONAL AIRPORT GA US,61.9,31.53333,-84.18333,194901,86,0,-9999,221,0,83,26,696,482,589
COOP:090145,ALBANY SW GEORGIA REGIONAL AIRPORT GA US,61.9,31.53333,-84.18333,194902,136,0,-9999,461,0,81,36,699,504,602
COOP:090145,ALBANY SW GEORGIA REGIONAL AIRPORT GA US,61.9,31.53333,-84.18333,194903,97,0,-9999,298,0,87,31,704,464,584
COOP:090145,ALBANY SW GEORGIA REGIONAL AIRPORT GA US,61.9,31.53333,-84.18333,194904,118,0,-9999,548,0,87,39,780,550,665
COOP:090145,ALBANY SW GEORGIA REGIONAL AIRPORT GA US,61.9,31.53333,-84.18333,194905,69,0,-9999,165,0,94,54,885,627,756
COOP:090145,ALBANY SW GEORGIA REGIONAL AIRPORT GA US,61.9,31.53333,-84.18333,194906,189,0,-9999,694,0,98,59,905,692,799
COOP:090145,ALBANY SW GEORGIA REGIONAL AIRPORT GA US,61.9,31.53333,-84.18333,194907,124,0,-9999,508,0,101,69,923,724,824
COOP:090145,ALBANY SW GEORGIA REGIONAL AIRPORT GA US,61.9,31.53333,-84.18333,194908,110,0,-9999,337,0,96,68,909,717,813
COOP:090145,ALBANY SW GEORGIA REGIONAL AIRPORT GA US,61.9,31.53333,-84.18333,194909,31,0,-9999,70,0,96,49,877,662,770
COOP:090145,ALBANY SW GEORGIA REGIONAL AIRPORT GA US,61.9,31.53333,-84.18333,194910,18,0,-9999,69,0,91,51,833,626,730
COOP:090145,ALBANY SW GEORGIA REGIONAL AIRPORT GA US,61.9,31.53333,-84.18333,194911,49,0,-9999,77,0,81,26,690,413,552
COOP:090145,ALBANY SW GEORGIA REGIONAL AIRPORT GA US,61.9,31.53333,-84.18333,194912,107,0,-9999,162,0,80,27,660,430,545
COOP:090145,ALBANY SW GEORGIA REGIONAL AIRPORT GA US,61.9,31.53333,-84.18333,195001,61,-9999,-9999,134,0,82,33,746,531,639
COOP:090145,ALBANY SW GEORGIA REGIONAL AIRPORT GA US,61.9,31.53333,-84.18333,195002,29,-9999,-9999,110,0,80,29,696,456,576
COOP:090145,ALBANY SW GEORGIA REGIONAL AIRPORT GA US,61.9,31.53333,-84.18333,195003,114,0,-9999,610,0,83,32,678,454,566
COOP:090145,ALBANY SW GEORGIA REGIONAL AIRPORT GA US,61.9,31.53333,-84.18333,195004,60,0,-9999,206,0,86,34,757,497,627
COOP:090145,ALBANY SW GEORGIA REGIONAL AIRPORT GA US,61.9,31.53333,-84.18333,195005,130,0,-9999,376,0,95,60,890,655,773
COOP:090145,ALBANY SW GEORGIA REGIONAL AIRPORT GA US,61.9,31.53333,-84.18333,195006,115,0,-9999,353,0,102,65,936,710,823
COOP:090145,ALBANY SW GEORGIA REGIONAL AIRPORT GA US,61.9,31.53333,-84.18333,195007,61,0,-9999,346,0,97,68,904,708,806
COOP:090145,ALBANY SW GEORGIA REGIONAL AIRPORT GA US,61.9,31.53333,-84.18333,195008,222,0,-9999,483,0,99,61,932,696,814
COOP:090145,ALBANY SW GEORGIA REGIONAL AIRPORT GA US,61.9,31.53333,-84.18333,195009,68,0,-9999,232,0,94,58,856,660,758
COOP:090145,ALBANY SW GEORGIA REGIONAL AIRPORT GA US,61.9,31.53333,-84.18333,195010,60,0,-9999,155,0,87,45,814,583,699
COOP:090145,ALBANY SW GEORGIA REGIONAL AIRPORT GA US,61.9,31.53333,-84.18333,195011,32,0,-9999,40,0,87,16,673,390,532
COOP:090145,ALBANY SW GEORGIA REGIONAL AIRPORT GA US,61.9,31.53333,-84.18333,195012,118,0,-9999,390,0,76,23,567,358,463
COOP:090145,ALBANY SW GEORGIA REGIONAL AIRPORT GA US,61.9,31.53333,-84.18333,195101,46,0,-9999,122,0,78,24,645,393,519
COOP:090145,ALBANY SW GEORGIA REGIONAL AIRPORT GA US,61.9,31.53333,-84.18333,195102,45,0,-9999,105,0,81,16,667,393,530
COOP:090145,ALBANY SW GEORGIA REGIONAL AIRPORT GA US,61.9,31.53333,-84.18333,195103,200,0,-9999,519,0,85,33,716,490,603
COOP:090145,ALBANY SW GEORGIA REGIONAL AIRPORT GA US,61.9,31.53333,-84.18333,195104,155,0,-9999,453,0,91,40,763,536,650
COOP:090145,ALBANY SW GEORGIA REGIONAL AIRPORT GA US,61.9,31.53333,-84.18333,195105,83,0,-9999,216,0,97,51,869,605,737
COOP:090145,ALBANY SW GEORGIA REGIONAL AIRPORT GA US,61.9,31.53333,-84.18333,195106,176,0,-9999,509,0,101,64,936,708,822
COOP:090145,ALBANY SW GEORGIA REGIONAL AIRPORT GA US,61.9,31.53333,-84.18333,195107,112,0,-9999,356,0,104,66,955,728,842
COOP:090145,ALBANY SW GEORGIA REGIONAL AIRPORT GA US,61.9,31.53333,-84.18333,195108,459,0,-9999,620,0,101,65,960,732,846
COOP:090145,ALBANY SW GEORGIA REGIONAL AIRPORT GA US,61.9,31.53333,-84.18333,195109,159,0,-9999,611,0,101,63,895,699,797
COOP:090145,ALBANY SW GEORGIA REGIONAL AIRPORT GA US,61.9,31.53333,-84.18333,195110,28,0,-9999,60,0,95,42,822,591,707
COOP:090145,ALBANY SW GEORGIA REGIONAL AIRPORT GA US,61.9,31.53333,-84.18333,195111,194,0,-9999,490,0,81,27,655,421,538
COOP:090145,ALBANY SW GEORGIA REGIONAL AIRPORT GA US,61.9,31.53333,-84.18333,195112,124,0,-9999,479,0,80,22,664,446,555
COOP:090145,ALBANY SW GEORGIA REGIONAL AIRPORT GA US,61.9,31.53333,-84.18333,195201,120,0,-9999,258,0,80,25,685,462,574
COOP:090145,ALBANY SW GEORGIA REGIONAL AIRPORT GA US,61.9,31.53333,-84.18333,195202,151,0,-9999,647,0,79,31,653,457,555
COOP:090145,ALBANY SW GEORGIA REGIONAL AIRPORT GA US,61.9,31.53333,-84.18333,195203,163,0,-9999,521,0,84,36,715,482,599
COOP:090145,ALBANY SW GEORGIA REGIONAL AIRPORT GA US,61.9,31.53333,-84.18333,195204,199,0,-9999,404,0,87,38,776,526,651
COOP:090145,ALBANY SW GEORGIA REGIONAL AIRPORT GA US,61.9,31.53333,-84.18333,195205,188,0,-9999,632,0,95,48,871,634,753
COOP:090145,ALBANY SW GEORGIA REGIONAL AIRPORT GA US,61.9,31.53333,-84.18333,195206,67,0,-9999,221,0,103,68,968,733,851
COOP:090145,ALBANY SW GEORGIA REGIONAL AIRPORT GA US,61.9,31.53333,-84.18333,195207,329,0,-9999,550,0,102,68,953,729,841
COOP:090145,ALBANY SW GEORGIA REGIONAL AIRPORT GA US,61.9,31.53333,-84.18333,195208,132,0,-9999,618,0,100,61,915,716,816
COOP:090145,ALBANY SW GEORGIA REGIONAL AIRPORT GA US,61.9,31.53333,-84.18333,195209,202,0,-9999,378,0,93,58,854,666,760
COOP:090145,ALBANY SW GEORGIA REGIONAL AIRPORT GA US,61.9,31.53333,-84.18333,195210,17,0,-9999,37,0,91,28,771,515,643
COOP:090145,ALBANY SW GEORGIA REGIONAL AIRPORT GA US,61.9,31.53333,-84.18333,195211,229,0,-9999,276,0,84,31,692,438,565
COOP:090145,ALBANY SW GEORGIA REGIONAL AIRPORT GA US,61.9,31.53333,-84.18333,195212,94,0,-9999,379,0,79,25,601,384,493
COOP:090145,ALBANY SW GEORGIA REGIONAL AIRPORT GA US,61.9,31.53333,-84.18333,195301,118,0,-9999,477,0,77,28,652,418,535
COOP:090145,ALBANY SW GEORGIA REGIONAL AIRPORT GA US,61.9,31.53333,-84.18333,195302,124,0,-9999,504,0,78,30,644,434,539
COOP:090145,ALBANY SW GEORGIA REGIONAL AIRPORT GA US,61.9,31.53333,-84.18333,195303,111,0,-9999,350,0,86,40,746,519,633
COOP:090145,ALBANY SW GEORGIA REGIONAL AIRPORT GA US,61.9,31.53333,-84.18333,195304,162,0,-9999,621,0,88,39,770,527,649
COOP:090145,ALBANY SW GEORGIA REGIONAL AIRPORT GA US,61.9,31.53333,-84.18333,195305,303,0,-9999,449,0,101,58,901,669,785
COOP:090145,ALBANY SW GEORGIA REGIONAL AIRPORT GA US,61.9,31.53333,-84.18333,195306,65,0,-9999,247,0,100,64,924,719,822
COOP:090145,ALBANY SW GEORGIA REGIONAL AIRPORT GA US,61.9,31.53333,-84.18333,195307,136,0,-9999,738,0,98,65,912,719,816
COOP:090145,ALBANY SW GEORGIA REGIONAL AIRPORT GA US,61.9,31.53333,-84.18333,195308,83,0,-9999,313,0,99,65,914,713,814
COOP:090145,ALBANY SW GEORGIA REGIONAL AIRPORT GA US,61.9,31.53333,-84.18333,195309,301,0,-9999,1125,0,94,61,861,666,764
COOP:090145,ALBANY SW GEORGIA REGIONAL AIRPORT GA US,61.9,31.53333,-84.18333,195310,12,0,-9999,22,0,88,38,804,563,684
COOP:090145,ALBANY SW GEORGIA REGIONAL AIRPORT GA US,61.9,31.53333,-84.18333,195311,75,0,-9999,157,0,82,33,682,437,560
COOP:090145,ALBANY SW GEORGIA REGIONAL AIRPORT GA US,61.9,31.53333,-84.18333,195312,182,0,-9999,953,0,74,20,605,411,508
COOP:090145,ALBANY SW GEORGIA REGIONAL AIRPORT GA US,61.9,31.53333,-84.18333,195401,45,0,-9999,89,0,79,28,654,408,531
COOP:090145,ALBANY SW GEORGIA REGIONAL AIRPORT GA US,61.9,31.53333,-84.18333,195402,85,0,-9999,182,0,79,32,686,438,562
COOP:090145,ALBANY SW GEORGIA REGIONAL AIRPORT GA US,61.9,31.53333,-84.18333,195403,114,0,-9999,243,0,89,28,710,476,593
COOP:090145,ALBANY SW GEORGIA REGIONAL AIRPORT GA US,61.9,31.53333,-84.18333,195404,147,0,-9999,256,0,92,45,830,597,714
COOP:090145,ALBANY SW GEORGIA REGIONAL AIRPORT GA US,61.9,31.53333,-84.18333,195405,94,0,-9999,235,0,94,47,822,589,706
COOP:090145,ALBANY SW GEORGIA REGIONAL AIRPORT GA US,61.9,31.53333,-84.18333,195406,194,0,-9999,388,0,104,55,947,698,823
COOP:090145,ALBANY SW GEORGIA REGIONAL AIRPORT GA US,61.9,31.53333,-84.18333,195407,294,0,-9999,565,0,100,70,956,734,845
COOP:090140,ALBANY 3 SE GA US,unknown,unknown,unknown,194801,101,0,-9999,498,0,72,19,548,373,460
COOP:090140,ALBANY 3 SE GA US,unknown,unknown,unknown,194802,122,0,-9999,263,0,84,28,662,478,570
COOP:090140,ALBANY 3 SE GA US,unknown,unknown,unknown,194803,310,0,-9999,1211,0,87,37,721,541,631
COOP:090140,ALBANY 3 SE GA US,unknown,unknown,unknown,194804,478,0,-9999,683,0,90,48,822,608,715
COOP:090140,ALBANY 3 SE GA US,unknown,unknown,unknown,194805,137,0,-9999,475,0,97,54,892,645,768
COOP:090140,ALBANY 3 SE GA US,unknown,unknown,unknown,194806,78,0,-9999,197,0,103,62,939,712,826
COOP:090140,ALBANY 3 SE GA US,61,31.56667,-84.15,194807,228,0,-9999,844,0,99,70,920,729,824
COOP:090140,ALBANY 3 SE GA US,61,31.56667,-84.15,194808,151,0,-9999,492,0,99,65,901,714,807
COOP:090140,ALBANY 3 SE GA US,61,31.56667,-84.15,194809,129,0,-9999,354,0,97,58,861,674,768
COOP:090140,ALBANY 3 SE GA US,61,31.56667,-84.15,194810,297,0,-9999,442,0,85,39,768,531,650
COOP:090140,ALBANY 3 SE GA US,61,31.56667,-84.15,194811,236,0,-9999,574,0,86,37,738,533,636
COOP:090140,ALBANY 3 SE GA US,61,31.56667,-84.15,194812,262,0,-9999,751,0,80,31,655,484,570
COOP:090140,ALBANY 3 SE GA US,61,31.56667,-84.15,194901,128,0,-9999,281,0,83,29,690,506,598
COOP:090140,ALBANY 3 SE GA US,61,31.56667,-84.15,194902,113,0,-9999,489,0,81,36,695,528,612
COOP:090140,ALBANY 3 SE GA US,61,31.56667,-84.15,194903,112,0,-9999,315,0,86,31,699,489,594
COOP:090140,ALBANY 3 SE GA US,61,31.56667,-84.15,194904,118,0,-9999,564,0,88,41,775,560,668
COOP:090140,ALBANY 3 SE GA US,61,31.56667,-84.15,194905,125,0,-9999,237,0,94,55,879,638,759
COOP:090140,ALBANY 3 SE GA US,61,31.56667,-84.15,194906,178,0,-9999,563,0,97,60,897,698,798
COOP:090140,ALBANY 3 SE GA US,61,31.56667,-84.15,194907,157,0,-9999,741,0,98,70,915,734,825
COOP:090140,ALBANY 3 SE GA US,61,31.56667,-84.15,194908,220,0,-9999,580,0,95,69,905,717,811
COOP:090140,ALBANY 3 SE GA US,61,31.56667,-84.15,194909,40,0,-9999,73,0,97,50,875,670,773
COOP:090140,ALBANY 3 SE GA US,61,31.56667,-84.15,194910,74,0,-9999,179,0,90,57,831,639,735
COOP:090140,ALBANY 3 SE GA US,61,31.56667,-84.15,194911,29,0,-9999,46,0,82,31,695,421,558
COOP:090140,ALBANY 3 SE GA US,61,31.56667,-84.15,194912,113,0,-9999,187,0,80,30,654,429,542
COOP:090140,ALBANY 3 SE GA US,61,31.56667,-84.15,195001,61,-9999,-9999,104,0,82,35,735,535,635
COOP:090140,ALBANY 3 SE GA US,61,31.56667,-84.15,195002,49,-9999,-9999,161,0,80,33,695,468,582
COOP:090140,ALBANY 3 SE GA US,61,31.56667,-84.15,195003,165,0,-9999,720,0,84,34,686,455,571
COOP:090140,ALBANY 3 SE GA US,61,31.56667,-84.15,195004,66,0,-9999,164,0,87,35,748,505,627
COOP:090140,ALBANY 3 SE GA US,61,31.56667,-84.15,195005,218,0,-9999,580,0,94,61,883,665,774
COOP:090140,ALBANY 3 SE GA US,61,31.56667,-84.15,195006,108,0,-9999,309,0,104,65,927,711,819
COOP:090140,ALBANY 3 SE GA US,61,31.56667,-84.15,195007,85,0,-9999,766,0,97,68,900,711,806
COOP:090140,ALBANY 3 SE GA US,61,31.56667,-84.15,195008,89,0,-9999,237,0,97,63,923,697,810
COOP:090140,ALBANY 3 SE GA US,61,31.56667,-84.15,195009,167,0,-9999,354,0,94,58,850,660,755
COOP:090140,ALBANY 3 SE GA US,61,31.56667,-84.15,195010,84,0,-9999,151,0,86,48,812,590,701
COOP:090140,ALBANY 3 SE GA US,61,31.56667,-84.15,195011,26,0,-9999,32,0,87,15,673,400,537
COOP:090140,ALBANY 3 SE GA US,61,31.56667,-84.15,195012,148,0,-9999,405,0,78,24,571,365,468
COOP:090140,ALBANY 3 SE GA US,61,31.56667,-84.15,195101,35,0,-9999,132,0,77,26,643,400,522
COOP:090140,ALBANY 3 SE GA US,61,31.56667,-84.15,195102,65,0,-9999,128,0,82,16,670,430,550
COOP:090140,ALBANY 3 SE GA US,61,31.56667,-84.15,195103,242,0,-9999,610,0,87,34,724,506,615
COOP:090140,ALBANY 3 SE GA US,61,31.56667,-84.15,195104,140,0,-9999,481,0,88,39,765,547,656
COOP:090140,ALBANY 3 SE GA US,61,31.56667,-84.15,195105,91,0,-9999,208,0,94,51,870,612,741
COOP:090140,ALBANY 3 SE GA US,61,31.56667,-84.15,195106,156,0,-9999,386,0,99,66,936,711,824
COOP:090140,ALBANY 3 SE GA US,61,31.56667,-84.15,195107,91,0,-9999,323,0,101,67,947,731,839
COOP:090140,ALBANY 3 SE GA US,61,31.56667,-84.15,195108,105,0,-9999,332,0,101,66,952,734,843
COOP:090140,ALBANY 3 SE GA US,61,31.56667,-84.15,195109,200,0,-9999,563,0,100,63,902,701,802
COOP:090140,ALBANY 3 SE GA US,61,31.56667,-84.15,195110,23,0,-9999,49,0,96,46,822,602,712
COOP:090140,ALBANY 3 SE GA US,61,31.56667,-84.15,195111,185,0,-9999,633,0,83,28,681,446,564
COOP:090140,ALBANY 3 SE GA US,61,31.56667,-84.15,195112,90,0,-9999,474,0,79,24,677,470,574
COOP:090140,ALBANY 3 SE GA US,61,31.56667,-84.15,195201,99,0,-9999,184,0,79,26,700,481,591
COOP:090140,ALBANY 3 SE GA US,61,31.56667,-84.15,195202,183,0,-9999,675,0,79,33,657,473,565
COOP:090140,ALBANY 3 SE GA US,61,31.56667,-84.15,195203,103,0,-9999,475,0,84,35,726,483,605
COOP:090140,ALBANY 3 SE GA US,61,31.56667,-84.15,195204,195,0,-9999,435,0,86,37,768,534,651
COOP:090140,ALBANY 3 SE GA US,61,31.56667,-84.15,195205,173,0,-9999,620,0,96,48,865,639,752
COOP:090140,ALBANY 3 SE GA US,61,31.56667,-84.15,195206,73,0,-9999,185,0,105,68,962,737,850
COOP:090140,ALBANY 3 SE GA US,61,31.56667,-84.15,195207,141,0,-9999,281,0,103,70,962,734,848
COOP:090140,ALBANY 3 SE GA US,61,31.56667,-84.15,195208,200,0,-9999,719,0,100,62,925,715,820
COOP:090140,ALBANY 3 SE GA US,61,31.56667,-84.15,195209,360,0,-9999,425,0,93,59,853,665,759
COOP:090140,ALBANY 3 SE GA US,61,31.56667,-84.15,195210,14,0,-9999,41,0,91,33,771,517,644
COOP:090140,ALBANY 3 SE GA US,61,31.56667,-84.15,195211,255,0,-9999,304,0,85,36,699,441,570
COOP:090140,ALBANY 3 SE GA US,61,31.56667,-84.15,195212,89,0,-9999,320,0,78,26,597,395,496
COOP:090140,ALBANY 3 SE GA US,61,31.56667,-84.15,195301,135,0,-9999,476,0,77,29,650,422,536
COOP:090140,ALBANY 3 SE GA US,61,31.56667,-84.15,195302,143,0,-9999,526,0,77,31,639,430,535
COOP:090140,ALBANY 3 SE GA US,61,31.56667,-84.15,195303,108,0,-9999,329,0,84,32,745,498,622
COOP:090140,ALBANY 3 SE GA US,61,31.56667,-84.15,195304,167,0,-9999,584,0,88,40,773,517,645
COOP:090140,ALBANY 3 SE GA US,61,31.56667,-84.15,195305,200,0,-9999,563,0,99,58,894,674,784
COOP:090140,ALBANY 3 SE GA US,61,31.56667,-84.15,195306,146,0,-9999,419,0,100,64,930,716,823
COOP:090140,ALBANY 3 SE GA US,61,31.56667,-84.15,195307,152,0,-9999,675,0,99,66,913,722,818
COOP:090140,ALBANY 3 SE GA US,61,31.56667,-84.15,195308,170,0,-9999,355,0,101,65,923,711,817
COOP:090140,ALBANY 3 SE GA US,61,31.56667,-84.15,195309,265,0,-9999,1009,0,95,61,865,659,762
COOP:090140,ALBANY 3 SE GA US,61,31.56667,-84.15,195310,21,0,-9999,25,0,89,40,809,566,688
COOP:090140,ALBANY 3 SE GA US,61,31.56667,-84.15,195311,78,0,-9999,169,0,82,35,689,440,565
COOP:090140,ALBANY 3 SE GA US,61,31.56667,-84.15,195312,182,0,-9999,999,0,74,22,605,400,503
COOP:090140,ALBANY 3 SE GA US,61,31.56667,-84.15,195401,55,0,-9999,90,0,80,29,655,410,533
COOP:090140,ALBANY 3 SE GA US,61,31.56667,-84.15,195402,64,0,-9999,108,0,81,31,698,430,564
COOP:090140,ALBANY 3 SE GA US,61,31.56667,-84.15,195403,105,0,-9999,295,0,89,30,705,469,587
COOP:090140,ALBANY 3 SE GA US,61,31.56667,-84.15,195404,130,0,-9999,309,0,90,48,830,600,715
COOP:090140,ALBANY 3 SE GA US,61,31.56667,-84.15,195405,101,0,-9999,251,0,94,46,821,587,704
COOP:090140,ALBANY 3 SE GA US,61,31.56667,-84.15,195406,117,0,-9999,358,0,104,56,943,701,822
COOP:090140,ALBANY 3 SE GA US,61,31.56667,-84.15,195407,163,0,-9999,458,0,100,70,963,734,849
COOP:090140,ALBANY 3 SE GA US,61,31.56667,-84.15,195408,388,0,-9999,598,0,103,67,969,725,847
COOP:090140,ALBANY 3 SE GA US,61,31.56667,-84.15,195409,96,0,-9999,126,0,101,62,942,688,815
COOP:090140,ALBANY 3 SE GA US,61,31.56667,-84.15,195410,47,0,-9999,58,0,98,36,833,556,695
COOP:090140,ALBANY 3 SE GA US,61,31.56667,-84.15,195411,130,0,-9999,304,0,79,25,681,428,555
COOP:090140,ALBANY 3 SE GA US,61,31.56667,-84.15,195412,123,0,-9999,218,0,74,25,612,381,497
COOP:090140,ALBANY 3 SE GA US,61,31.56667,-84.15,195501,131,0,-9999,341,0,78,28,611,389,500
COOP:090140,ALBANY 3 SE GA US,61,31.56667,-84.15,195502,144,0,-9999,189,0,79,21,662,415,539
COOP:090140,ALBANY 3 SE GA US,64,31.58333,-84.16667,195503,4,0,-9999,8,0,90,23,784,504,644
COOP:090140,ALBANY 3 SE GA US,64,31.58333,-84.16667,195504,291,0,-9999,702,0,92,42,831,568,700
COOP:090140,ALBANY 3 SE GA US,64,31.58333,-84.16667,195505,122,0,-9999,322,0,99,49,898,628,763
COOP:090140,ALBANY 3 SE GA US,64,31.58333,-84.16667,195506,137,0,-9999,239,0,98,54,902,641,772
COOP:090140,ALBANY 3 SE GA US,64,31.58333,-84.16667,195507,243,0,-9999,998,0,99,68,929,708,819
COOP:090140,ALBANY 3 SE GA US,64,31.58333,-84.16667,195508,30,0,-9999,73,0,100,66,956,708,832
COOP:090140,ALBANY 3 SE GA US,64,31.58333,-84.16667,195509,191,0,-9999,392,0,96,62,893,681,787
COOP:090140,ALBANY 3 SE GA US,64,31.58333,-84.16667,195510,101,0,-9999,326,0,91,35,798,520,659
COOP:090140,ALBANY 3 SE GA US,64,31.58333,-84.16667,195511,40,0,-9999,84,0,87,22,700,439,570
COOP:090140,ALBANY 3 SE GA US,64,31.58333,-84.16667,195512,22,0,-9999,64,0,80,20,629,398,514
COOP:090140,ALBANY 3 SE GA US,64,31.58333,-84.16667,195601,-9999,0,-9999,254,-9999,75,-9999,608,348,478
COOP:090140,ALBANY 3 SE GA US,64,31.58333,-84.16667,195602,-9999,0,-9999,639,-9999,85,-9999,712,477,595
COOP:090140,ALBANY 3 SE GA US,64,31.58333,-84.16667,195603,-9999,0,-9999,509,-9999,85,-9999,725,459,592
COOP:090140,ALBANY 3 SE GA US,64,31.58333,-84.16667,195604,-9999,0,-9999,275,-9999,91,-9999,792,524,658
COOP:090140,ALBANY 3 SE GA US,64,31.58333,-84.16667,195605,-9999,0,-9999,262,-9999,98,-9999,892,637,765
COOP:090140,ALBANY 3 SE GA US,64,31.58333,-84.16667,195606,-9999,0,-9999,293,-9999,98,-9999,923,674,799
COOP:090140,ALBANY 3 SE GA US,64,31.58333,-84.16667,195607,-9999,0,-9999,907,-9999,97,-9999,925,695,810
COOP:090140,ALBANY 3 SE GA US,64,31.58333,-84.16667,195608,-9999,0,-9999,92,-9999,102,-9999,960,699,830
COOP:090140,ALBANY 3 SE GA US,64,31.58333,-84.16667,195609,398,-9999,-9999,-9999,0,-9999,47,-9999,-9999,-9999
COOP:090140,ALBANY 3 SE GA US,64,31.58333,-84.16667,195610,96,-9999,-9999,-9999,0,-9999,47,-9999,-9999,-9999
COOP:090140,ALBANY 3 SE GA US,64,31.58333,-84.16667,195611,42,-9999,-9999,-9999,0,-9999,24,-9999,-9999,-9999
COOP:090140,ALBANY 3 SE GA US,64,31.58333,-84.16667,195612,183,-9999,-9999,-9999,0,-9999,29,-9999,-9999,-9999
COOP:090140,ALBANY 3 SE GA US,64,31.58333,-84.16667,195701,71,0,-9999,119,0,82,18,668,449,559
COOP:090140,ALBANY 3 SE GA US,64,31.58333,-84.16667,195702,40,0,-9999,122,0,85,32,736,511,624
COOP:090140,ALBANY 3 SE GA US,64,31.58333,-84.16667,195703,205,0,-9999,492,0,85,30,706,473,590
COOP:090140,ALBANY 3 SE GA US,64,31.58333,-84.16667,195704,222,0,-9999,735,0,89,41,810,566,688
COOP:090140,ALBANY 3 SE GA US,64,31.58333,-84.16667,195705,65,0,-9999,389,0,94,48,865,640,753
COOP:090140,ALBANY 3 SE GA US,64,31.58333,-84.16667,195706,72,0,-9999,265,0,96,66,908,710,809
COOP:090140,ALBANY 3 SE GA US,64,31.58333,-84.16667,195707,170,0,-9999,539,0,101,68,932,719,826
COOP:090140,ALBANY 3 SE GA US,64,31.58333,-84.16667,195708,48,0,-9999,146,0,100,59,941,698,820
COOP:090140,ALBANY 3 SE GA US,64,31.58333,-84.16667,195709,355,0,-9999,923,0,101,57,871,680,776
COOP:090140,ALBANY 3 SE GA US,64,31.58333,-84.16667,195710,95,0,-9999,272,0,84,31,764,535,650
COOP:090140,ALBANY 3 SE GA US,64,31.58333,-84.16667,195711,299,0,-9999,828,0,86,35,711,497,604
COOP:090140,ALBANY 3 SE GA US,64,31.58333,-84.16667,195712,97,0,-9999,190,0,77,18,643,394,519
COOP:090140,ALBANY 3 SE GA US,64,31.58333,-84.16667,195801,109,0,-9999,305,0,72,19,562,348,455
COOP:090140,ALBANY 3 SE GA US,64,31.58333,-84.16667,195802,273,0,-9999,649,5,75,15,567,325,446
COOP:090140,ALBANY 3 SE GA US,64,31.58333,-84.16667,195803,103,0,-9999,515,0,75,33,670,470,570
COOP:090140,ALBANY 3 SE GA US,64,31.58333,-84.16667,195804,279,0,-9999,807,0,92,41,797,555,676
COOP:090140,ALBANY 3 SE GA US,64,31.58333,-84.16667,195805,288,0,-9999,318,0,95,43,864,628,746
COOP:090140,ALBANY 3 SE GA US,64,31.58333,-84.16667,195806,194,0,-9999,769,0,100,59,911,703,807
COOP:090140,ALBANY 3 SE GA US,64,31.58333,-84.16667,195807,82,0,-9999,530,0,97,63,913,712,813
COOP:090140,ALBANY 3 SE GA US,64,31.58333,-84.16667,195808,127,0,-9999,313,0,98,62,931,710,821
COOP:090140,ALBANY 3 SE GA US,64,31.58333,-84.16667,195809,59,0,-9999,80,0,98,54,922,678,800
COOP:090140,ALBANY 3 SE GA US,64,31.58333,-84.16667,195810,80,0,-9999,152,0,92,39,792,537,665
COOP:090140,ALBANY 3 SE GA US,64,31.58333,-84.16667,195811,61,0,-9999,122,0,87,31,756,487,622
COOP:090140,ALBANY 3 SE GA US,64,31.58333,-84.16667,195812,102,0,-9999,301,0,78,22,607,375,491
COOP:090140,ALBANY 3 SE GA US,64,31.58333,-84.16667,195901,96,0,-9999,406,0,77,19,621,366,494
COOP:090140,ALBANY 3 SE GA US,64,31.58333,-84.16667,195902,156,0,-9999,684,0,82,27,655,460,558
COOP:090140,ALBANY 3 SE GA US,64,31.58333,-84.16667,195903,332,0,-9999,789,0,82,32,691,460,576
COOP:090140,ALBANY 3 SE GA US,64,31.58333,-84.16667,195904,136,0,-9999,298,0,88,39,795,545,670
COOP:090140,ALBANY 3 SE GA US,64,31.58333,-84.16667,195905,134,0,-9999,578,0,98,52,890,645,768
COOP:090140,ALBANY 3 SE GA US,64,31.58333,-84.16667,195906,158,0,-9999,408,0,103,67,913,698,806
COOP:090140,ALBANY 3 SE GA US,64,31.58333,-84.16667,195907,246,0,-9999,799,0,98,62,926,710,818
COOP:090140,ALBANY 3 SE GA US,64,31.58333,-84.16667,195908,82,0,-9999,330,0,100,67,941,713,827
COOP:090140,ALBANY 3 SE GA US,64,31.58333,-84.16667,195909,149,0,-9999,358,0,96,60,884,678,781
COOP:090140,ALBANY 3 SE GA US,64,31.58333,-84.16667,195910,305,0,-9999,690,0,95,40,791,620,706
COOP:090140,ALBANY 3 SE GA US,64,31.58333,-84.16667,195911,20,0,-9999,34,0,87,19,713,441,577
COOP:090140,ALBANY 3 SE GA US,64,31.58333,-84.16667,195912,148,0,-9999,268,0,76,21,643,390,517
COOP:090140,ALBANY 3 SE GA US,64,31.58333,-84.16667,196001,90,0,-9999,380,0,80,17,612,393,503
COOP:090140,ALBANY 3 SE GA US,64,31.58333,-84.16667,196002,190,0,-9999,630,0,76,24,629,385,507
COOP:090140,ALBANY 3 SE GA US,64,31.58333,-84.16667,196003,108,0,-9999,421,0,82,21,626,390,508
COOP:090140,ALBANY 3 SE GA US,64,31.58333,-84.16667,196004,198,0,-9999,658,0,91,34,809,552,681
COOP:090140,ALBANY 3 SE GA US,64,31.58333,-84.16667,196005,72,0,-9999,186,0,98,43,858,595,727
COOP:090140,ALBANY 3 SE GA US,64,31.58333,-84.16667,196006,114,0,-9999,460,0,97,56,913,671,792
COOP:090140,ALBANY 3 SE GA US,64,31.58333,-84.16667,196007,223,0,-9999,389,0,98,67,939,723,831
COOP:090140,ALBANY 3 SE GA US,64,31.58333,-84.16667,196008,135,0,-9999,460,0,98,66,930,705,818
COOP:090140,ALBANY 3 SE GA US,64,31.58333,-84.16667,196009,169,0,-9999,397,0,96,56,904,681,793
COOP:090140,ALBANY 3 SE GA US,64,31.58333,-84.16667,196010,32,0,-9999,67,0,90,40,827,574,701
COOP:090140,ALBANY 3 SE GA US,64,31.58333,-84.16667,196011,12,0,-9999,24,0,83,31,737,460,599
COOP:090140,ALBANY 3 SE GA US,64,31.58333,-84.16667,196012,93,0,-9999,205,0,75,18,615,329,472
COOP:090140,ALBANY 3 SE GA US,64,31.58333,-84.16667,196101,86,0,-9999,336,0,74,16,579,340,460
COOP:090140,ALBANY 3 SE GA US,64,31.58333,-84.16667,196102,117,0,-9999,358,0,82,29,700,456,578
COOP:090140,ALBANY 3 SE GA US,64,31.58333,-84.16667,196103,83,0,-9999,274,0,88,32,764,501,633
COOP:090140,ALBANY 3 SE GA US,64,31.58333,-84.16667,196104,308,0,-9999,758,0,87,38,760,494,627
COOP:090140,ALBANY 3 SE GA US,64,31.58333,-84.16667,196105,112,0,-9999,395,0,92,48,843,596,720
COOP:090140,ALBANY 3 SE GA US,64,31.58333,-84.16667,196106,163,0,-9999,439,0,98,59,893,667,780
COOP:090140,ALBANY 3 SE GA US,64,31.58333,-84.16667,196107,283,0,-9999,449,0,97,65,931,699,815
COOP:090140,ALBANY 3 SE GA US,64,31.58333,-84.16667,196108,152,0,-9999,873,0,99,65,901,697,799
COOP:090140,ALBANY 3 SE GA US,64,31.58333,-84.16667,196109,84,0,-9999,232,0,97,52,909,665,787
COOP:090140,ALBANY 3 SE GA US,64,31.58333,-84.16667,196110,0,0,-9999,0,0,90,38,838,506,672
COOP:090140,ALBANY 3 SE GA US,64,31.58333,-84.16667,196111,42,0,-9999,112,0,89,30,758,488,623
COOP:090140,ALBANY 3 SE GA US,64,31.58333,-84.16667,196112,258,0,-9999,452,0,79,18,647,419,533
COOP:090140,ALBANY 3 SE GA US,64,31.58333,-84.16667,196201,143,-9999,-9999,326,0,80,16,607,389,498
COOP:090140,ALBANY 3 SE GA US,64,31.58333,-84.16667,196202,213,0,-9999,431,0,85,26,745,483,614
COOP:090140,ALBANY 3 SE GA US,64,31.58333,-84.16667,196203,76,0,-9999,241,0,84,23,690,446,568
COOP:090140,ALBANY 3 SE GA US,64,31.58333,-84.16667,196204,252,0,-9999,656,0,93,35,784,512,648
COOP:090140,ALBANY 3 SE GA US,64,31.58333,-84.16667,196205,62,0,-9999,62,0,102,49,955,640,798
COOP:090140,ALBANY 3 SE GA US,64,31.58333,-84.16667,196206,105,0,-9999,545,0,95,65,914,696,805
COOP:090140,ALBANY 3 SE GA US,64,31.58333,-84.16667,196207,143,0,-9999,417,0,99,65,954,723,839
COOP:090140,ALBANY 3 SE GA US,64,31.58333,-84.16667,196208,92,0,-9999,332,0,101,65,958,706,832
COOP:090140,ALBANY 3 SE GA US,64,31.58333,-84.16667,196209,171,0,-9999,345,0,98,47,894,669,782
COOP:090140,ALBANY 3 SE GA US,64,31.58333,-84.16667,196210,64,0,-9999,124,0,92,32,840,552,696
COOP:090140,ALBANY 3 SE GA US,64,31.58333,-84.16667,196211,178,0,-9999,376,0,80,32,687,434,561
COOP:090140,ALBANY 3 SE GA US,64,31.58333,-84.16667,196212,70,0,-9999,215,0,74,6,601,374,488
COOP:090140,ALBANY 3 SE GA US,64,31.58333,-84.16667,196301,226,0,0,634,0,74,9,583,355,469
COOP:090140,ALBANY 3 SE GA US,64,31.58333,-84.16667,196302,226,0,0,443,0,78,20,612,359,486
COOP:090140,ALBANY 3 SE GA US,64,31.58333,-84.16667,196303,84,0,0,291,0,88,34,756,496,626
COOP:090140,ALBANY 3 SE GA US,64,31.58333,-84.16667,196304,79,0,0,154,0,90,40,818,563,691
COOP:090140,ALBANY 3 SE GA US,64,31.58333,-84.16667,196305,87,0,0,399,0,94,48,883,634,759
COOP:090140,ALBANY 3 SE GA US,64,31.58333,-84.16667,196306,219,0,0,518,0,102,57,914,688,801
COOP:090140,ALBANY 3 SE GA US,64,31.58333,-84.16667,196307,227,0,0,589,0,98,63,926,698,812
COOP:090140,ALBANY 3 SE GA US,64,31.58333,-84.16667,196308,204,0,0,535,0,100,68,945,716,831
COOP:090140,ALBANY 3 SE GA US,54.9,31.53333,-84.13333,196309,201,0,0,434,0,98,56,877,651,764
COOP:090140,ALBANY 3 SE GA US,54.9,31.53333,-84.13333,196310,0,0,0,0,0,90,29,811,522,667
COOP:090140,ALBANY 3 SE GA US,54.9,31.53333,-84.13333,196311,74,0,0,238,0,81,22,694,412,553
COOP:090140,ALBANY 3 SE GA US,54.9,31.53333,-84.13333,196312,115,-9999,-9999,373,-9999,69,17,554,280,417
COOP:090140,ALBANY 3 SE GA US,54.9,31.53333,-84.13333,196401,275,0,0,1194,0,73,16,-9999,341,-9999
COOP:090140,ALBANY 3 SE GA US,54.9,31.53333,-84.13333,196402,209,0,0,633,0,71,23,578,340,459
COOP:090140,ALBANY 3 SE GA US,54.9,31.53333,-84.13333,196403,261,0,0,464,0,82,27,701,444,573
COOP:090140,ALBANY 3 SE GA US,54.9,31.53333,-84.13333,196404,353,0,0,821,0,88,30,779,553,666
COOP:090140,ALBANY 3 SE GA US,54.9,31.53333,-84.13333,196405,139,0,0,342,0,95,53,847,609,728
COOP:090140,ALBANY 3 SE GA US,54.9,31.53333,-84.13333,196406,234,0,0,701,0,98,61,912,685,799
COOP:090140,ALBANY 3 SE GA US,54.9,31.53333,-84.13333,196407,213,0,0,828,0,92,62,878,700,789
COOP:090140,ALBANY 3 SE GA US,54.9,31.53333,-84.13333,196408,119,0,0,423,0,94,60,884,700,792
COOP:090140,ALBANY 3 SE GA US,54.9,31.53333,-84.13333,196409,204,0,0,315,0,96,54,872,650,761
COOP:090140,ALBANY 3 SE GA US,54.9,31.53333,-84.13333,196410,206,0,0,521,0,92,34,746,500,623
COOP:090140,ALBANY 3 SE GA US,54.9,31.53333,-84.13333,196411,67,0,0,217,0,83,30,723,448,586
COOP:090140,ALBANY 3 SE GA US,54.9,31.53333,-84.13333,196412,227,0,0,687,0,80,23,636,399,518
COOP:090140,ALBANY 3 SE GA US,54.9,31.53333,-84.13333,196501,210,0,0,294,0,79,18,640,344,492
COOP:090140,ALBANY 3 SE GA US,54.9,31.53333,-84.13333,196502,219,0,0,744,0,81,22,610,370,490
COOP:090140,ALBANY 3 SE GA US,54.9,31.53333,-84.13333,196503,171,0,0,598,0,83,28,681,440,561
COOP:090140,ALBANY 3 SE GA US,54.9,31.53333,-84.13333,196504,74,0,0,275,0,88,41,791,547,669
COOP:090140,ALBANY 3 SE GA US,54.9,31.53333,-84.13333,196505,6,0,0,8,0,94,45,892,591,742
COOP:090140,ALBANY 3 SE GA US,54.9,31.53333,-84.13333,196506,160,0,0,1117,0,96,57,856,664,760
COOP:090140,ALBANY 3 SE GA US,54.9,31.53333,-84.13333,196507,157,0,0,504,0,94,63,895,690,793
COOP:090140,ALBANY 3 SE GA US,54.9,31.53333,-84.13333,196508,215,0,0,454,0,98,65,919,686,803
COOP:090140,ALBANY 3 SE GA US,54.9,31.53333,-84.13333,196509,164,0,0,675,0,94,58,872,671,772
COOP:090140,ALBANY 3 SE GA US,54.9,31.53333,-84.13333,196510,215,0,0,268,0,87,31,767,520,644
COOP:090140,ALBANY 3 SE GA US,54.9,31.53333,-84.13333,196511,64,0,0,159,0,81,25,719,448,584
COOP:090140,ALBANY 3 SE GA US,54.9,31.53333,-84.13333,196512,168,0,0,338,0,75,21,628,338,483
COOP:090140,ALBANY 3 SE GA US,54.9,31.53333,-84.13333,196601,182,0,0,518,0,76,6,555,324,440
COOP:090140,ALBANY 3 SE GA US,54.9,31.53333,-84.13333,196602,250,0,0,861,0,75,11,593,356,475
COOP:090140,ALBANY 3 SE GA US,54.9,31.53333,-84.13333,196603,246,0,0,389,0,81,30,673,427,550
COOP:090140,ALBANY 3 SE GA US,54.9,31.53333,-84.13333,196604,65,0,0,193,0,86,36,787,511,649
COOP:090140,ALBANY 3 SE GA US,54.9,31.53333,-84.13333,196605,234,0,0,697,0,90,50,817,619,718
COOP:090140,ALBANY 3 SE GA US,54.9,31.53333,-84.13333,196606,150,0,0,349,0,92,52,861,632,747
COOP:090140,ALBANY 3 SE GA US,54.9,31.53333,-84.13333,196607,186,0,0,318,0,100,65,930,710,820
COOP:090140,ALBANY 3 SE GA US,54.9,31.53333,-84.13333,196608,96,0,0,383,0,96,61,899,682,791
COOP:090140,ALBANY 3 SE GA US,54.9,31.53333,-84.13333,196609,111,0,0,312,0,98,51,883,642,763
COOP:090140,ALBANY 3 SE GA US,54.9,31.53333,-84.13333,196610,106,0,0,250,0,88,39,791,544,668
COOP:090140,ALBANY 3 SE GA US,54.9,31.53333,-84.13333,196611,163,0,0,305,0,80,28,691,419,555
COOP:090140,ALBANY 3 SE GA US,54.9,31.53333,-84.13333,196612,74,0,0,321,0,79,17,607,348,478
COOP:090140,ALBANY 3 SE GA US,54.9,31.53333,-84.13333,196701,260,0,0,888,0,79,24,629,367,498
COOP:090140,ALBANY 3 SE GA US,54.9,31.53333,-84.13333,196702,307,0,0,539,0,73,18,591,349,470
COOP:090140,ALBANY 3 SE GA US,54.9,31.53333,-84.13333,196703,100,0,0,230,0,87,28,751,451,601
COOP:090140,ALBANY 3 SE GA US,54.9,31.53333,-84.13333,196704,59,0,0,107,0,90,37,837,550,694
COOP:090140,ALBANY 3 SE GA US,54.9,31.53333,-84.13333,196705,120,0,0,445,0,96,44,849,562,706
COOP:090140,ALBANY 3 SE GA US,54.9,31.53333,-84.13333,196706,187,0,0,619,0,98,59,879,663,771
COOP:090140,ALBANY 3 SE GA US,54.9,31.53333,-84.13333,196707,163,0,0,675,0,94,57,883,674,779
COOP:090140,ALBANY 3 SE GA US,54.9,31.53333,-84.13333,196708,47,0,0,152,0,95,57,898,675,787
COOP:090140,ALBANY 3 SE GA US,54.9,31.53333,-84.13333,196709,178,0,0,422,0,93,37,846,585,716
COOP:090140,ALBANY 3 SE GA US,54.9,31.53333,-84.13333,196710,66,0,0,145,0,90,33,791,455,623
COOP:090140,ALBANY 3 SE GA US,54.9,31.53333,-84.13333,196711,131,0,0,189,0,82,23,698,377,538
COOP:090140,ALBANY 3 SE GA US,54.9,31.53333,-84.13333,196712,182,0,0,491,0,82,22,678,407,543
COOP:090140,ALBANY 3 SE GA US,54.9,31.53333,-84.13333,196801,117,0,0,327,0,75,19,581,323,452
COOP:090140,ALBANY 3 SE GA US,54.9,31.53333,-84.13333,196802,42,-9999,-9999,200,-9999,72,20,568,283,426
COOP:090140,ALBANY 3 SE GA US,54.9,31.53333,-84.13333,196803,214,0,0,415,0,85,21,704,371,538
COOP:090140,ALBANY 3 SE GA US,54.9,31.53333,-84.13333,196804,100,0,0,268,0,91,38,817,528,673
COOP:090140,ALBANY 3 SE GA US,54.9,31.53333,-84.13333,196805,61,0,0,200,0,94,44,849,576,713
COOP:090140,ALBANY 3 SE GA US,54.9,31.53333,-84.13333,196806,150,0,0,377,0,99,56,918,659,789
COOP:090140,ALBANY 3 SE GA US,54.9,31.53333,-84.13333,196807,95,0,0,333,0,101,66,929,691,810
COOP:090140,ALBANY 3 SE GA US,54.9,31.53333,-84.13333,196808,153,0,0,403,0,101,63,936,699,818
COOP:090140,ALBANY 3 SE GA US,54.9,31.53333,-84.13333,196809,56,0,0,93,0,96,58,895,630,763
COOP:090140,ALBANY 3 SE GA US,54.9,31.53333,-84.13333,196810,43,0,0,96,0,94,29,826,520,673
COOP:090140,ALBANY 3 SE GA US,54.9,31.53333,-84.13333,196811,92,0,0,329,0,82,23,676,380,528
COOP:090140,ALBANY 3 SE GA US,54.9,31.53333,-84.13333,196812,100,0,0,461,0,76,19,601,311,456
COOP:090140,ALBANY 3 SE GA US,54.9,31.53333,-84.13333,196901,33,0,0,111,0,77,15,594,342,468
COOP:090140,ALBANY 3 SE GA US,54.9,31.53333,-84.13333,196902,202,0,0,353,0,77,23,592,349,471
COOP:090140,ALBANY 3 SE GA US,54.9,31.53333,-84.13333,196903,194,0,0,634,0,83,23,638,359,499
COOP:090140,ALBANY 3 SE GA US,54.9,31.53333,-84.13333,196904,77,0,0,191,0,88,38,804,514,659
COOP:090140,ALBANY 3 SE GA US,54.9,31.53333,-84.13333,196905,142,0,0,522,0,92,42,835,579,707
COOP:090140,ALBANY 3 SE GA US,54.9,31.53333,-84.13333,196906,170,0,0,357,0,99,59,927,679,803
COOP:090140,ALBANY 3 SE GA US,54.9,31.53333,-84.13333,196907,120,0,0,618,0,100,69,928,712,820
COOP:090140,ALBANY 3 SE GA US,54.9,31.53333,-84.13333,196908,71,0,0,272,0,96,59,890,672,781
COOP:090140,ALBANY 3 SE GA US,54.9,31.53333,-84.13333,196909,215,0,0,549,0,93,50,858,633,746
COOP:090140,ALBANY 3 SE GA US,54.9,31.53333,-84.13333,196910,23,0,0,55,0,88,45,803,564,684
COOP:090140,ALBANY 3 SE GA US,54.9,31.53333,-84.13333,196911,37,0,0,102,0,78,18,687,369,528
COOP:090140,ALBANY 3 SE GA US,54.9,31.53333,-84.13333,196912,143,0,0,461,0,75,23,606,314,460
COOP:090140,ALBANY 3 SE GA US,54.9,31.53333,-84.13333,197001,79,0,0,277,0,78,11,524,282,403
COOP:090140,ALBANY 3 SE GA US,54.9,31.53333,-84.13333,197002,122,0,0,383,0,75,17,618,310,464
COOP:090140,ALBANY 3 SE GA US,54.9,31.53333,-84.13333,197003,230,0,0,897,0,80,29,700,443,572
COOP:090140,ALBANY 3 SE GA US,54.9,31.53333,-84.13333,197004,40,0,0,90,0,91,40,806,550,678
COOP:090140,ALBANY 3 SE GA US,54.9,31.53333,-84.13333,197005,232,0,0,667,0,94,46,868,588,728
COOP:090140,ALBANY 3 SE GA US,54.9,31.53333,-84.13333,197006,143,0,0,513,0,97,57,880,657,769
COOP:090140,ALBANY 3 SE GA US,54.9,31.53333,-84.13333,197007,135,0,0,542,0,101,59,924,685,805
COOP:090140,ALBANY 3 SE GA US,54.9,31.53333,-84.13333,197008,163,0,0,652,0,94,70,904,715,810
COOP:090140,ALBANY 3 SE GA US,54.9,31.53333,-84.13333,197009,37,0,0,110,0,96,46,915,674,795
COOP:090140,ALBANY 3 SE GA US,54.9,31.53333,-84.13333,197010,145,0,0,318,0,91,45,816,562,689
COOP:090140,ALBANY 3 SE GA US,54.9,31.53333,-84.13333,197011,38,0,0,82,0,78,14,669,353,511
COOP:090140,ALBANY 3 SE GA US,54.9,31.53333,-84.13333,197012,187,0,0,447,0,81,18,671,364,518
COOP:090140,ALBANY 3 SE GA US,54.9,31.53333,-84.13333,197101,200,0,0,410,0,76,15,600,363,482
COOP:090140,ALBANY 3 SE GA US,54.9,31.53333,-84.13333,197102,200,0,0,535,0,84,18,643,357,500
COOP:090140,ALBANY 3 SE GA US,54.9,31.53333,-84.13333,197103,200,0,0,909,0,80,27,664,385,525
COOP:090140,ALBANY 3 SE GA US,54.9,31.53333,-84.13333,197104,175,0,0,407,0,88,30,780,458,619
COOP:090140,ALBANY 3 SE GA US,54.9,31.53333,-84.13333,197105,152,0,0,597,0,90,39,812,553,683
COOP:090140,ALBANY 3 SE GA US,54.9,31.53333,-84.13333,197106,108,0,0,270,0,98,54,912,657,785
COOP:090140,ALBANY 3 SE GA US,54.9,31.53333,-84.13333,197107,139,0,0,926,0,94,66,895,693,794
COOP:090140,ALBANY 3 SE GA US,54.9,31.53333,-84.13333,197108,159,0,0,774,0,94,67,900,697,799
COOP:090140,ALBANY 3 SE GA US,54.9,31.53333,-84.13333,197109,44,0,0,100,0,92,55,888,654,771
COOP:090140,ALBANY 3 SE GA US,54.9,31.53333,-84.13333,197110,125,0,0,272,0,94,41,819,578,699
COOP:090140,ALBANY 3 SE GA US,54.9,31.53333,-84.13333,197111,248,0,0,279,0,86,27,705,398,552
COOP:090140,ALBANY 3 SE GA US,54.9,31.53333,-84.13333,197112,241,0,0,782,0,83,29,692,483,588
COOP:090140,ALBANY 3 SE GA US,54.9,31.53333,-84.13333,197201,153,0,0,541,0,80,18,666,442,554
COOP:090140,ALBANY 3 SE GA US,54.9,31.53333,-84.13333,197202,140,0,0,570,0,77,22,598,374,486
COOP:090140,ALBANY 3 SE GA US,54.9,31.53333,-84.13333,197203,219,0,0,604,0,81,30,722,439,581
COOP:090140,ALBANY 3 SE GA US,54.9,31.53333,-84.13333,197204,55,0,0,66,0,91,35,793,514,654
COOP:090140,ALBANY 3 SE GA US,54.9,31.53333,-84.13333,197205,112,0,0,307,0,88,52,820,585,703
COOP:090140,ALBANY 3 SE GA US,54.9,31.53333,-84.13333,197206,304,0,0,743,0,99,50,888,629,759
COOP:090140,ALBANY 3 SE GA US,54.9,31.53333,-84.13333,197207,183,0,0,628,0,97,59,912,678,795
COOP:090140,ALBANY 3 SE GA US,54.9,31.53333,-84.13333,197208,360,0,0,450,0,99,66,931,694,813
COOP:090140,ALBANY 3 SE GA US,54.9,31.53333,-84.13333,197209,95,0,0,290,0,100,57,929,650,790
COOP:090140,ALBANY 3 SE GA US,54.9,31.53333,-84.13333,197210,197,0,0,316,0,89,39,800,552,676
COOP:090140,ALBANY 3 SE GA US,54.9,31.53333,-84.13333,197211,65,0,0,283,0,85,30,667,445,556
COOP:090140,ALBANY 3 SE GA US,54.9,31.53333,-84.13333,197212,180,0,0,420,0,82,24,667,433,550
COOP:090140,ALBANY 3 SE GA US,54.9,31.53333,-84.13333,197301,275,0,0,1003,0,74,20,594,359,477
COOP:090140,ALBANY 3 SE GA US,54.9,31.53333,-84.13333,197302,318,-9999,-9999,633,30,74,22,593,348,471
COOP:090140,ALBANY 3 SE GA US,54.9,31.53333,-84.13333,197303,175,0,0,626,0,85,37,727,516,622
COOP:090140,ALBANY 3 SE GA US,54.9,31.53333,-84.13333,197304,240,0,0,941,0,84,34,737,516,627
COOP:090140,ALBANY 3 SE GA US,54.9,31.53333,-84.13333,197305,192,0,0,566,0,91,44,827,583,705
COOP:090140,ALBANY 3 SE GA US,54.9,31.53333,-84.13333,197306,145,0,0,590,0,92,60,886,679,783
COOP:090140,ALBANY 3 SE GA US,54.9,31.53333,-84.13333,197307,88,0,0,252,0,97,63,930,709,820
COOP:090140,ALBANY 3 SE GA US,54.9,31.53333,-84.13333,197308,184,0,0,395,0,94,65,913,696,805
COOP:090140,ALBANY 3 SE GA US,54.9,31.53333,-84.13333,197309,110,0,0,293,0,95,61,903,680,792
COOP:090140,ALBANY 3 SE GA US,54.9,31.53333,-84.13333,197310,32,0,0,32,0,90,36,829,544,687
COOP:090140,ALBANY 3 SE GA US,54.9,31.53333,-84.13333,197311,80,0,0,203,0,84,31,749,479,614
COOP:090140,ALBANY 3 SE GA US,54.9,31.53333,-84.13333,197312,114,0,0,441,0,75,20,626,361,494
COOP:090140,ALBANY 3 SE GA US,54.9,31.53333,-84.13333,197401,206,0,0,625,0,81,34,720,525,623
COOP:090140,ALBANY 3 SE GA US,54.9,31.53333,-84.13333,197402,325,0,0,936,0,76,22,640,379,510
COOP:090140,ALBANY 3 SE GA US,54.9,31.53333,-84.13333,197403,118,0,0,454,0,89,30,745,474,610
COOP:090140,ALBANY 3 SE GA US,54.9,31.53333,-84.13333,197404,215,0,0,439,0,89,37,772,519,646
COOP:090140,ALBANY 3 SE GA US,54.9,31.53333,-84.13333,197405,245,0,0,464,0,93,50,858,627,743
COOP:090140,ALBANY 3 SE GA US,54.9,31.53333,-84.13333,197406,112,0,0,627,0,93,60,879,651,765
COOP:090140,ALBANY 3 SE GA US,54.9,31.53333,-84.13333,197407,286,0,0,804,0,94,65,890,691,791
COOP:090140,ALBANY 3 SE GA US,54.9,31.53333,-84.13333,197408,66,0,0,213,0,92,68,861,693,777
COOP:090140,ALBANY 3 SE GA US,54.9,31.53333,-84.13333,197409,272,0,0,858,0,91,51,830,648,739
COOP:090140,ALBANY 3 SE GA US,54.9,31.53333,-84.13333,197410,45,0,0,76,0,86,38,785,473,629
COOP:090140,ALBANY 3 SE GA US,54.9,31.53333,-84.13333,197411,114,0,0,195,0,84,29,708,410,559
COOP:090140,ALBANY 3 SE GA US,54.9,31.53333,-84.13333,197412,120,0,0,270,0,79,22,618,383,501
COOP:090140,ALBANY 3 SE GA US,54.9,31.53333,-84.13333,197501,155,0,0,689,0,82,23,647,400,524
COOP:090140,ALBANY 3 SE GA US,54.9,31.53333,-84.13333,197502,55,0,0,246,0,81,23,665,419,542
COOP:090140,ALBANY 3 SE GA US,54.9,31.53333,-84.13333,197503,276,0,0,776,0,82,30,694,436,565
COOP:090140,ALBANY 3 SE GA US,54.9,31.53333,-84.13333,197504,355,0,0,849,0,90,35,753,498,626
COOP:090140,ALBANY 3 SE GA US,54.9,31.53333,-84.13333,197505,69,0,0,401,0,95,53,865,635,750
COOP:090140,ALBANY 3 SE GA US,54.9,31.53333,-84.13333,197506,145,0,0,583,0,95,63,885,682,784
COOP:090140,ALBANY 3 SE GA US,54.9,31.53333,-84.13333,197507,195,0,0,806,0,93,66,840,700,770
COOP:090140,ALBANY 3 SE GA US,54.9,31.53333,-84.13333,197508,48,0,0,205,0,95,69,876,706,791
COOP:090140,ALBANY 3 SE GA US,54.9,31.53333,-84.13333,197509,90,0,0,193,0,91,45,835,635,735
COOP:090140,ALBANY 3 SE GA US,54.9,31.53333,-84.13333,197510,95,0,0,212,0,90,40,808,558,683
COOP:090140,ALBANY 3 SE GA US,54.9,31.53333,-84.13333,197511,75,0,0,180,0,83,28,706,439,573
COOP:090140,ALBANY 3 SE GA US,54.9,31.53333,-84.13333,197512,95,0,0,285,0,-9999,19,610,355,483
COOP:090140,ALBANY 3 SE GA US,54.9,31.53333,-84.13333,197601,375,0,0,612,0,72,17,571,307,439
COOP:090140,ALBANY 3 SE GA US,54.9,31.53333,-84.13333,197602,72,0,0,176,0,80,21,713,400,557
COOP:090140,ALBANY 3 SE GA US,54.9,31.53333,-84.13333,197603,100,0,0,318,0,86,32,736,491,614
COOP:090140,ALBANY 3 SE GA US,54.9,31.53333,-84.13333,197604,170,0,0,226,0,90,43,797,521,659
COOP:090140,ALBANY 3 SE GA US,54.9,31.53333,-84.13333,197605,290,0,0,1176,0,86,47,794,594,694
COOP:090140,ALBANY 3 SE GA US,54.9,31.53333,-84.13333,197606,147,0,0,416,0,94,58,873,658,766
COOP:090140,ALBANY 3 SE GA US,54.9,31.53333,-84.13333,197607,72,0,0,285,0,96,64,920,697,809
COOP:090140,ALBANY 3 SE GA US,54.9,31.53333,-84.13333,197608,209,0,0,602,0,96,66,903,689,796
COOP:090140,ALBANY 3 SE GA US,54.9,31.53333,-84.13333,197609,142,0,0,321,0,90,55,852,641,747
COOP:090140,ALBANY 3 SE GA US,54.9,31.53333,-84.13333,197610,195,0,0,471,0,85,33,731,475,603
COOP:090140,ALBANY 3 SE GA US,54.9,31.53333,-84.13333,197611,320,0,0,786,0,75,22,625,363,494
COOP:090140,ALBANY 3 SE GA US,54.9,31.53333,-84.13333,197612,120,0,0,399,0,72,17,582,328,455
COOP:090140,ALBANY 3 SE GA US,54.9,31.53333,-84.13333,197701,175,0,0,535,0,69,9,502,265,384
COOP:090140,ALBANY 3 SE GA US,54.9,31.53333,-84.13333,197702,135,0,0,302,0,82,18,619,311,465
COOP:090140,ALBANY 3 SE GA US,54.9,31.53333,-84.13333,197703,162,0,0,668,0,87,28,740,471,606
COOP:090140,ALBANY 3 SE GA US,54.9,31.53333,-84.13333,197704,71,0,0,129,0,90,38,813,521,667
COOP:090140,ALBANY 3 SE GA US,54.9,31.53333,-84.13333,197705,135,0,0,242,0,96,50,889,596,743
COOP:090140,ALBANY 3 SE GA US,54.9,31.53333,-84.13333,197706,120,0,0,377,0,100,54,951,664,808
COOP:090140,ALBANY 3 SE GA US,54.9,31.53333,-84.13333,197707,355,0,0,973,0,101,68,947,708,828
COOP:090140,ALBANY 3 SE GA US,54.9,31.53333,-84.13333,197708,200,0,0,640,0,97,68,921,700,811
COOP:090140,ALBANY 3 SE GA US,54.9,31.53333,-84.13333,197709,90,0,0,523,0,93,58,-9999,678,-9999
COOP:090140,ALBANY 3 SE GA US,54.9,31.53333,-84.13333,197710,53,0,0,73,0,93,33,784,481,633
COOP:090140,ALBANY 3 SE GA US,54.9,31.53333,-84.13333,197711,200,0,0,353,0,80,27,717,466,592
COOP:090140,ALBANY 3 SE GA US,54.9,31.53333,-84.13333,197712,72,0,0,252,0,83,19,619,346,483
COOP:090140,ALBANY 3 SE GA US,54.9,31.53333,-84.13333,197801,345,0,0,973,0,-9999,20,525,299,412
COOP:090140,ALBANY 3 SE GA US,54.9,31.53333,-84.13333,197802,88,0,0,287,0,76,21,548,290,419
COOP:090140,ALBANY 3 SE GA US,54.9,31.53333,-84.13333,197803,168,0,0,515,0,84,22,685,426,556
COOP:090140,ALBANY 3 SE GA US,54.9,31.53333,-84.13333,197804,142,0,0,295,0,97,40,816,498,657
COOP:090140,ALBANY 3 SE GA US,54.9,31.53333,-84.13333,197805,161,0,0,417,0,97,49,861,601,731
COOP:090140,ALBANY 3 SE GA US,54.9,31.53333,-84.13333,197806,140,0,0,558,0,103,61,901,691,796
COOP:090140,ALBANY 3 SE GA US,54.9,31.53333,-84.13333,197807,91,0,0,417,0,97,68,923,708,816
COOP:090140,ALBANY 3 SE GA US,54.9,31.53333,-84.13333,197808,82,0,0,325,0,101,64,935,691,813
COOP:090140,ALBANY 3 SE GA US,54.9,31.53333,-84.13333,197809,49,0,0,158,0,98,61,904,660,782
COOP:090140,ALBANY 3 SE GA US,54.9,31.53333,-84.13333,197810,3,0,0,3,0,91,33,824,499,662
COOP:090140,ALBANY 3 SE GA US,54.9,31.53333,-84.13333,197811,238,0,0,443,0,86,37,766,481,624
COOP:090140,ALBANY 3 SE GA US,54.9,31.53333,-84.13333,197812,-9999,0,0,268,0,85,22,655,365,510
COOP:090140,ALBANY 3 SE GA US,54.9,31.53333,-84.13333,197901,120,0,0,592,0,77,16,548,299,424
COOP:090140,ALBANY 3 SE GA US,54.9,31.53333,-84.13333,197902,523,0,0,983,0,79,14,578,339,459
COOP:090140,ALBANY 3 SE GA US,54.9,31.53333,-84.13333,197903,85,0,0,172,0,84,29,730,432,581
COOP:090140,ALBANY 3 SE GA US,54.9,31.53333,-84.13333,197904,170,0,0,591,0,87,37,797,539,668
COOP:090140,ALBANY 3 SE GA US,54.9,31.53333,-84.13333,197905,74,0,0,332,0,89,42,837,592,715
COOP:090140,ALBANY 3 SE GA US,54.9,31.53333,-84.13333,197906,144,0,0,276,0,100,53,886,642,764
COOP:090140,ALBANY 3 SE GA US,54.9,31.53333,-84.13333,197907,285,0,0,728,0,101,64,904,708,806
COOP:090140,ALBANY 3 SE GA US,54.9,31.53333,-84.13333,197908,107,0,0,248,0,98,58,927,681,804
COOP:090140,ALBANY 3 SE GA US,54.9,31.53333,-84.13333,197909,280,0,0,887,0,94,60,837,669,753
COOP:090140,ALBANY 3 SE GA US,54.9,31.53333,-84.13333,197910,39,0,0,39,0,89,33,802,480,641
COOP:090140,ALBANY 3 SE GA US,54.9,31.53333,-84.13333,197911,195,0,0,376,0,86,23,736,429,583
COOP:090140,ALBANY 3 SE GA US,54.9,31.53333,-84.13333,197912,51,0,0,204,0,78,18,625,345,485
COOP:090140,ALBANY 3 SE GA US,54.9,31.53333,-84.13333,198001,164,0,0,552,0,73,20,605,360,483
COOP:090140,ALBANY 3 SE GA US,54.9,31.53333,-84.13333,198002,59,0,0,102,0,82,16,594,306,450
COOP:090140,ALBANY 3 SE GA US,54.9,31.53333,-84.13333,198003,221,0,0,1170,0,81,10,685,429,557
COOP:090140,ALBANY 3 SE GA US,54.9,31.53333,-84.13333,198004,166,0,0,562,0,89,35,765,488,627
COOP:090140,ALBANY 3 SE GA US,54.9,31.53333,-84.13333,198005,110,0,0,351,0,90,46,845,583,714
COOP:090140,ALBANY 3 SE GA US,54.9,31.53333,-84.13333,198006,110,0,0,216,0,100,53,926,645,786
COOP:090140,ALBANY 3 SE GA US,54.9,31.53333,-84.13333,198007,93,0,0,211,0,107,60,971,695,833
COOP:090140,ALBANY 3 SE GA US,54.9,31.53333,-84.13333,198008,165,0,0,396,0,104,60,965,694,830
COOP:090140,ALBANY 3 SE GA US,54.9,31.53333,-84.13333,198009,160,0,0,493,0,98,62,933,677,805
COOP:090140,ALBANY 3 SE GA US,54.9,31.53333,-84.13333,198010,104,0,0,383,0,92,33,775,497,636
COOP:090140,ALBANY 3 SE GA US,54.9,31.53333,-84.13333,198011,50,0,0,82,0,80,25,692,394,543
COOP:090140,ALBANY 3 SE GA US,54.9,31.53333,-84.13333,198012,24,0,0,89,0,79,25,623,324,474
COOP:090140,ALBANY 3 SE GA US,54.9,31.53333,-84.13333,198101,75,0,0,139,0,69,8,566,245,406
COOP:090140,ALBANY 3 SE GA US,54.9,31.53333,-84.13333,198102,257,0,0,487,0,79,19,647,364,506
COOP:090140,ALBANY 3 SE GA US,54.9,31.53333,-84.13333,198103,120,0,0,437,0,81,26,706,389,548
COOP:090140,ALBANY 3 SE GA US,54.9,31.53333,-84.13333,198104,41,0,0,86,0,91,35,827,522,675
COOP:090140,ALBANY 3 SE GA US,54.9,31.53333,-84.13333,198105,58,0,0,124,0,95,45,851,543,697
COOP:090140,ALBANY 3 SE GA US,54.9,31.53333,-84.13333,198106,33,0,0,185,0,104,59,954,693,824
COOP:090140,ALBANY 3 SE GA US,54.9,31.53333,-84.13333,198107,285,0,0,633,0,104,61,969,710,840
COOP:090140,ALBANY 3 SE GA US,54.9,31.53333,-84.13333,198108,205,0,0,950,0,96,63,877,694,786
COOP:090140,ALBANY 3 SE GA US,54.9,31.53333,-84.13333,198109,135,0,0,182,0,94,44,887,607,747
COOP:090140,ALBANY 3 SE GA US,54.9,31.53333,-84.13333,198110,101,0,0,273,0,92,34,789,502,646
COOP:090140,ALBANY 3 SE GA US,54.9,31.53333,-84.13333,198111,66,0,0,97,0,81,23,713,391,552
COOP:090140,ALBANY 3 SE GA US,54.9,31.53333,-84.13333,198112,172,0,0,714,0,77,13,590,337,464
COOP:090140,ALBANY 3 SE GA US,54.9,31.53333,-84.13333,198201,80,-9999,-9999,383,-9999,77,7,588,332,460
COOP:090140,ALBANY 3 SE GA US,54.9,31.53333,-84.13333,198202,168,0,0,643,0,80,30,679,403,541
COOP:090140,ALBANY 3 SE GA US,54.9,31.53333,-84.13333,198203,100,0,0,339,0,87,28,720,464,592
COOP:090140,ALBANY 3 SE GA US,54.9,31.53333,-84.13333,198204,123,0,0,470,0,86,35,757,507,632
COOP:090140,ALBANY 3 SE GA US,54.9,31.53333,-84.13333,198205,155,0,0,400,0,95,49,872,580,726
COOP:090140,ALBANY 3 SE GA US,54.9,31.53333,-84.13333,198206,112,0,0,393,0,98,55,916,657,787
COOP:090140,ALBANY 3 SE GA US,54.9,31.53333,-84.13333,198207,286,0,0,973,0,99,66,907,685,796
COOP:090140,ALBANY 3 SE GA US,54.9,31.53333,-84.13333,198208,67,0,0,304,0,98,64,911,670,791
COOP:090140,ALBANY 3 SE GA US,54.9,31.53333,-84.13333,198209,170,0,0,469,0,94,47,872,626,749
COOP:090140,ALBANY 3 SE GA US,54.9,31.53333,-84.13333,198210,135,0,0,185,0,92,31,810,532,671
COOP:090140,ALBANY 3 SE GA US,54.9,31.53333,-84.13333,198211,200,0,0,509,0,87,26,727,455,591
COOP:090140,ALBANY 3 SE GA US,54.9,31.53333,-84.13333,198212,275,0,0,789,0,83,23,676,434,555
COOP:090140,ALBANY 3 SE GA US,54.9,31.53333,-84.13333,198301,138,0,0,526,0,68,18,550,298,424
COOP:090140,ALBANY 3 SE GA US,54.9,31.53333,-84.13333,198302,310,0,0,579,0,75,21,612,359,486
COOP:090140,ALBANY 3 SE GA US,54.9,31.53333,-84.13333,198303,360,0,0,928,0,82,30,672,416,544
COOP:090140,ALBANY 3 SE GA US,54.9,31.53333,-84.13333,198304,160,0,0,553,0,84,32,737,458,598
COOP:090140,ALBANY 3 SE GA US,54.9,31.53333,-84.13333,198305,318,0,0,406,0,89,46,847,562,705
COOP:090140,ALBANY 3 SE GA US,54.9,31.53333,-84.13333,198306,213,0,0,872,0,93,58,875,652,764
COOP:090140,ALBANY 3 SE GA US,54.9,31.53333,-84.13333,198307,160,0,0,300,0,102,63,946,696,821
COOP:090140,ALBANY 3 SE GA US,54.9,31.53333,-84.13333,198308,215,0,0,518,0,101,61,942,696,819
COOP:090140,ALBANY 3 SE GA US,54.9,31.53333,-84.13333,198309,274,0,0,576,0,98,45,864,612,738
COOP:090140,ALBANY 3 SE GA US,54.9,31.53333,-84.13333,198310,44,0,0,71,0,90,36,803,547,675
COOP:090140,ALBANY 3 SE GA US,54.9,31.53333,-84.13333,198311,200,0,0,822,0,81,28,701,414,558
COOP:090140,ALBANY 3 SE GA US,54.9,31.53333,-84.13333,198312,205,0,0,726,0,77,10,575,351,463
COOP:090140,ALBANY 3 SE GA US,54.9,31.53333,-84.13333,198401,154,0,0,615,0,70,17,561,327,444
COOP:090140,ALBANY 3 SE GA US,54.9,31.53333,-84.13333,198402,106,0,0,415,0,77,21,649,361,505
COOP:090140,ALBANY 3 SE GA US,54.9,31.53333,-84.13333,198403,400,0,0,653,0,85,23,705,404,555
COOP:090140,ALBANY 3 SE GA US,54.9,31.53333,-84.13333,198404,167,0,0,496,0,89,38,751,492,622
COOP:090140,ALBANY 3 SE GA US,54.9,31.53333,-84.13333,198405,133,0,0,365,0,92,45,846,579,713
COOP:090140,ALBANY 3 SE GA US,54.9,31.53333,-84.13333,198406,297,0,0,480,0,99,46,912,654,783
COOP:090140,ALBANY 3 SE GA US,54.9,31.53333,-84.13333,198407,240,0,0,877,0,96,67,877,696,787
COOP:090140,ALBANY 3 SE GA US,54.9,31.53333,-84.13333,198408,46,0,0,89,0,96,66,904,694,799
COOP:090140,ALBANY 3 SE GA US,54.9,31.53333,-84.13333,198409,53,0,0,76,0,96,53,884,632,758
COOP:090140,ALBANY 3 SE GA US,54.9,31.53333,-84.13333,198410,52,0,0,82,0,91,40,856,573,715
COOP:090140,ALBANY 3 SE GA US,54.9,31.53333,-84.13333,198411,180,0,0,292,0,83,26,683,399,541
COOP:090140,ALBANY 3 SE GA US,54.9,31.53333,-84.13333,198412,84,0,0,102,0,80,20,706,439,573
COOP:090140,ALBANY 3 SE GA US,54.9,31.53333,-84.13333,198501,236,-9999,-9999,429,-9999,79,1,552,280,416
COOP:090140,ALBANY 3 SE GA US,54.9,31.53333,-84.13333,198502,184,-9999,0,620,0,81,21,642,386,514
COOP:090140,ALBANY 3 SE GA US,54.9,31.53333,-84.13333,198503,115,-9999,0,256,0,85,28,738,470,604
COOP:090140,ALBANY 3 SE GA US,54.9,31.53333,-84.13333,198504,130,-9999,0,207,0,91,31,791,498,645
COOP:090140,ALBANY 3 SE GA US,54.9,31.53333,-84.13333,198505,220,-9999,0,663,0,94,52,847,601,724
COOP:090140,ALBANY 3 SE GA US,54.9,31.53333,-84.13333,198506,95,-9999,0,400,0,102,59,907,676,792
COOP:090140,ALBANY 3 SE GA US,54.9,31.53333,-84.13333,198507,178,-9999,0,595,0,96,64,905,687,796
COOP:090140,ALBANY 3 SE GA US,54.9,31.53333,-84.13333,198508,162,-9999,0,778,0,98,64,899,695,797
COOP:090140,ALBANY 3 SE GA US,54.9,31.53333,-84.13333,198509,80,-9999,0,168,0,95,46,871,633,752
COOP:090140,ALBANY 3 SE GA US,54.9,31.53333,-84.13333,198510,135,-9999,0,510,0,92,41,826,610,718
COOP:090140,ALBANY 3 SE GA US,54.9,31.53333,-84.13333,198511,565,-9999,0,946,0,85,34,754,536,645
COOP:090140,ALBANY 3 SE GA US,54.9,31.53333,-84.13333,198512,160,-9999,0,361,0,79,11,591,315,453
COOP:090140,ALBANY 3 SE GA US,54.9,31.53333,-84.13333,198601,110,0,0,289,0,73,12,602,318,460
COOP:090140,ALBANY 3 SE GA US,54.9,31.53333,-84.13333,198602,225,0,0,635,0,78,21,672,379,526
COOP:090140,ALBANY 3 SE GA US,54.9,31.53333,-84.13333,198603,125,0,0,192,0,85,20,718,415,567
COOP:090140,ALBANY 3 SE GA US,54.9,31.53333,-84.13333,198604,15,0,0,30,0,94,32,822,441,632
COOP:090140,ALBANY 3 SE GA US,54.9,31.53333,-84.13333,198605,60,0,0,84,0,98,44,883,570,727
COOP:090140,ALBANY 3 SE GA US,54.9,31.53333,-84.13333,198606,101,0,0,324,0,-9999,-9999,-9999,-9999,-9999
COOP:090140,ALBANY 3 SE GA US,54.9,31.53333,-84.13333,198607,240,0,0,438,0,103,62,971,698,835
COOP:090140,ALBANY 3 SE GA US,54.9,31.53333,-84.13333,198608,166,0,0,359,0,103,56,921,672,797
COOP:090140,ALBANY 3 SE GA US,54.9,31.53333,-84.13333,198609,30,0,0,84,0,100,60,905,645,775
COOP:090140,ALBANY 3 SE GA US,54.9,31.53333,-84.13333,198610,55,0,0,219,0,98,33,821,532,677
COOP:090140,ALBANY 3 SE GA US,54.9,31.53333,-84.13333,198611,216,0,0,773,0,90,32,756,518,637
COOP:090140,ALBANY 3 SE GA US,54.9,31.53333,-84.13333,198612,91,0,0,516,0,80,26,618,392,505
COOP:090140,ALBANY 3 SE GA US,54.9,31.53333,-84.13333,198701,214,0,0,938,0,74,20,587,323,455
COOP:090140,ALBANY 3 SE GA US,54.9,31.53333,-84.13333,198702,88,0,0,433,0,76,20,609,363,486
COOP:090140,ALBANY 3 SE GA US,54.9,31.53333,-84.13333,198703,218,0,0,713,0,83,28,701,438,570
COOP:090140,ALBANY 3 SE GA US,54.9,31.53333,-84.13333,198704,32,0,0,43,0,94,27,773,425,599
COOP:090140,ALBANY 3 SE GA US,54.9,31.53333,-84.13333,198705,190,0,0,467,0,93,45,865,615,740
COOP:090140,ALBANY 3 SE GA US,54.9,31.53333,-84.13333,198706,370,0,0,831,0,97,58,895,669,782
COOP:090140,ALBANY 3 SE GA US,54.9,31.53333,-84.13333,198707,165,0,0,433,0,99,58,943,692,818
COOP:090140,ALBANY 3 SE GA US,54.9,31.53333,-84.13333,198708,33,0,0,89,0,101,66,954,729,842
COOP:090140,ALBANY 3 SE GA US,54.9,31.53333,-84.13333,198709,112,0,0,204,0,95,50,892,649,771
COOP:090140,ALBANY 3 SE GA US,54.9,31.53333,-84.13333,198710,2,0,0,2,0,88,30,781,415,598
COOP:090140,ALBANY 3 SE GA US,54.9,31.53333,-84.13333,198711,129,0,0,351,0,85,26,737,450,594
COOP:090140,ALBANY 3 SE GA US,54.9,31.53333,-84.13333,198712,71,0,0,170,0,80,25,676,406,541
COOP:090140,ALBANY 3 SE GA US,54.9,31.53333,-84.13333,198801,161,0,0,731,0,76,20,549,323,436
COOP:090140,ALBANY 3 SE GA US,54.9,31.53333,-84.13333,198802,200,0,0,521,0,80,20,621,335,478
COOP:090140,ALBANY 3 SE GA US,54.9,31.53333,-84.13333,198803,220,0,0,617,0,85,25,714,408,561
COOP:090140,ALBANY 3 SE GA US,54.9,31.53333,-84.13333,198804,340,0,0,575,0,92,39,801,502,652
COOP:090140,ALBANY 3 SE GA US,54.9,31.53333,-84.13333,198805,34,0,0,76,0,94,45,852,536,694
COOP:090140,ALBANY 3 SE GA US,54.9,31.53333,-84.13333,198806,205,0,0,538,0,101,54,908,636,772
COOP:090140,ALBANY 3 SE GA US,54.9,31.53333,-84.13333,198807,160,0,0,509,0,96,60,916,694,805
COOP:090140,ALBANY 3 SE GA US,54.9,31.53333,-84.13333,198808,97,0,0,371,0,97,69,943,706,825
COOP:090140,ALBANY 3 SE GA US,54.9,31.53333,-84.13333,198809,162,0,0,463,0,95,57,875,657,766
COOP:090140,ALBANY 3 SE GA US,54.9,31.53333,-84.13333,198810,134,0,0,258,0,89,31,791,465,628
COOP:090140,ALBANY 3 SE GA US,54.9,31.53333,-84.13333,198811,51,0,0,135,0,83,27,730,445,588
COOP:090140,ALBANY 3 SE GA US,54.9,31.53333,-84.13333,198812,44,0,0,114,0,80,19,660,320,490
COOP:090140,ALBANY 3 SE GA US,54.9,31.53333,-84.13333,198901,150,0,0,259,0,80,26,695,381,538
COOP:090140,ALBANY 3 SE GA US,54.9,31.53333,-84.13333,198902,268,0,0,446,0,86,16,661,398,530
COOP:090140,ALBANY 3 SE GA US,54.9,31.53333,-84.13333,198903,220,0,0,586,0,86,31,715,471,593
COOP:090140,ALBANY 3 SE GA US,54.9,31.53333,-84.13333,198904,225,0,0,397,0,93,32,791,465,628
COOP:090140,ALBANY 3 SE GA US,54.9,31.53333,-84.13333,198905,153,0,0,564,0,96,42,849,568,709
COOP:090140,ALBANY 3 SE GA US,54.9,31.53333,-84.13333,198906,250,0,0,1274,0,97,64,899,673,786
COOP:090140,ALBANY 3 SE GA US,54.9,31.53333,-84.13333,198907,172,0,0,1060,0,96,66,901,692,797
COOP:090140,ALBANY 3 SE GA US,54.9,31.53333,-84.13333,198908,89,0,0,361,0,101,62,925,689,807
COOP:090140,ALBANY 3 SE GA US,54.9,31.53333,-84.13333,198909,105,0,0,381,0,97,55,857,637,747
COOP:090140,ALBANY 3 SE GA US,54.9,31.53333,-84.13333,198910,106,0,0,254,0,90,28,801,499,650
COOP:090140,ALBANY 3 SE GA US,54.9,31.53333,-84.13333,198911,174,0,0,315,0,85,28,745,411,578
COOP:090140,ALBANY 3 SE GA US,54.9,31.53333,-84.13333,198912,90,0,0,347,0,74,8,551,280,416
COOP:090140,ALBANY 3 SE GA US,54.9,31.53333,-84.13333,199001,305,0,0,942,0,82,22,690,359,525
COOP:090140,ALBANY 3 SE GA US,54.9,31.53333,-84.13333,199002,80,0,0,356,0,86,31,712,433,573
COOP:090140,ALBANY 3 SE GA US,54.9,31.53333,-84.13333,199003,200,0,0,289,0,88,27,767,428,598
COOP:090140,ALBANY 3 SE GA US,54.9,31.53333,-84.13333,199004,61,0,0,231,0,89,29,787,463,625
COOP:090140,ALBANY 3 SE GA US,54.9,31.53333,-84.13333,199005,190,0,0,431,0,96,43,877,561,719
COOP:090140,ALBANY 3 SE GA US,54.9,31.53333,-84.13333,199006,107,0,0,153,0,102,58,936,640,788
COOP:090140,ALBANY 3 SE GA US,54.9,31.53333,-84.13333,199007,122,0,0,485,0,103,64,942,676,809
COOP:090140,ALBANY 3 SE GA US,54.9,31.53333,-84.13333,199008,449,0,0,568,0,103,63,969,701,835
COOP:090140,ALBANY 3 SE GA US,54.9,31.53333,-84.13333,199009,78,0,0,269,0,102,44,924,625,775
COOP:090140,ALBANY 3 SE GA US,54.9,31.53333,-84.13333,199010,155,0,0,208,0,95,32,835,520,678
COOP:090140,ALBANY 3 SE GA US,54.9,31.53333,-84.13333,199011,119,0,0,146,0,83,29,754,399,577
COOP:090140,ALBANY 3 SE GA US,54.9,31.53333,-84.13333,199012,96,0,0,252,0,80,23,675,401,538
COOP:090140,ALBANY 3 SE GA US,54.9,31.53333,-84.13333,199101,227,0,0,1277,0,75,25,588,402,495
COOP:090140,ALBANY 3 SE GA US,54.9,31.53333,-84.13333,199102,90,0,0,156,0,84,19,673,396,535
COOP:090140,ALBANY 3 SE GA US,54.9,31.53333,-84.13333,199103,266,0,0,819,0,87,28,737,435,586
COOP:090140,ALBANY 3 SE GA US,54.9,31.53333,-84.13333,199104,205,0,0,547,0,88,37,808,560,684
COOP:090140,ALBANY 3 SE GA US,54.9,31.53333,-84.13333,199105,196,0,0,675,0,93,55,861,654,758
COOP:090140,ALBANY 3 SE GA US,54.9,31.53333,-84.13333,199106,460,0,0,982,0,97,52,901,658,780
COOP:090140,ALBANY 3 SE GA US,54.9,31.53333,-84.13333,199107,219,0,0,877,0,97,65,-9999,703,-9999
COOP:090140,ALBANY 3 SE GA US,54.9,31.53333,-84.13333,199108,77,0,0,413,0,96,60,911,692,802
COOP:090140,ALBANY 3 SE GA US,54.9,31.53333,-84.13333,199109,100,0,0,174,0,101,50,916,629,773
COOP:090140,ALBANY 3 SE GA US,54.9,31.53333,-84.13333,199110,81,0,0,108,0,89,35,827,518,673
COOP:090140,ALBANY 3 SE GA US,54.9,31.53333,-84.13333,199111,46,0,0,80,0,85,25,705,376,541
COOP:090140,ALBANY 3 SE GA US,54.9,31.53333,-84.13333,199112,110,0,0,231,0,83,23,674,398,536
COOP:090140,ALBANY 3 SE GA US,54.9,31.53333,-84.13333,199201,287,0,0,898,0,73,18,594,329,462
COOP:090140,ALBANY 3 SE GA US,54.9,31.53333,-84.13333,199202,195,0,0,776,0,80,22,668,399,534
COOP:090140,ALBANY 3 SE GA US,54.9,31.53333,-84.13333,199203,189,0,0,552,0,85,29,724,413,569
COOP:090140,ALBANY 3 SE GA US,54.9,31.53333,-84.13333,199204,55,0,0,87,0,90,30,787,460,624
COOP:090140,ALBANY 3 SE GA US,54.9,31.53333,-84.13333,199205,40,0,0,123,0,95,41,851,546,699
COOP:090140,ALBANY 3 SE GA US,54.9,31.53333,-84.13333,199206,141,0,0,513,0,96,57,896,659,778
COOP:090140,ALBANY 3 SE GA US,54.9,31.53333,-84.13333,199207,227,0,0,1021,0,98,63,940,697,819
COOP:090140,ALBANY 3 SE GA US,54.9,31.53333,-84.13333,199208,93,0,0,369,0,96,57,901,688,795
COOP:090140,ALBANY 3 SE GA US,54.9,31.53333,-84.13333,199209,153,0,0,337,0,96,58,894,651,773
COOP:090140,ALBANY 3 SE GA US,54.9,31.53333,-84.13333,199210,145,0,0,262,0,86,37,785,497,641
COOP:090140,ALBANY 3 SE GA US,54.9,31.53333,-84.13333,199211,230,0,0,812,0,82,26,698,460,579
COOP:090140,ALBANY 3 SE GA US,54.9,31.53333,-84.13333,199212,130,0,0,281,0,80,25,626,385,506
COOP:090140,ALBANY 3 SE GA US,54.9,31.53333,-84.13333,199301,288,0,0,885,0,76,26,638,418,528
COOP:090140,ALBANY 3 SE GA US,54.9,31.53333,-84.13333,199302,130,0,0,359,0,73,23,636,355,496
COOP:090140,ALBANY 3 SE GA US,54.9,31.53333,-84.13333,199303,180,0,0,863,0,87,19,688,398,543
COOP:090140,ALBANY 3 SE GA US,54.9,31.53333,-84.13333,199304,199,0,0,346,0,87,33,763,439,601
COOP:090140,ALBANY 3 SE GA US,54.9,31.53333,-84.13333,199305,33,0,0,80,0,93,45,861,567,714
COOP:090140,ALBANY 3 SE GA US,54.9,31.53333,-84.13333,199306,117,0,0,257,0,100,62,942,666,804
COOP:090140,ALBANY 3 SE GA US,54.9,31.53333,-84.13333,199307,152,0,0,522,0,100,64,957,699,828
COOP:090140,ALBANY 3 SE GA US,54.9,31.53333,-84.13333,199308,137,0,0,361,0,101,65,942,705,824
COOP:090140,ALBANY 3 SE GA US,54.9,31.53333,-84.13333,199309,74,0,0,185,0,96,49,900,667,784
COOP:090140,ALBANY 3 SE GA US,54.9,31.53333,-84.13333,199310,226,0,0,394,0,91,39,805,548,677
COOP:090140,ALBANY 3 SE GA US,54.9,31.53333,-84.13333,199311,120,0,0,286,0,85,30,682,431,557
COOP:090140,ALBANY 3 SE GA US,54.9,31.53333,-84.13333,199312,146,0,0,438,0,74,22,597,356,477
COOP:090140,ALBANY 3 SE GA US,54.9,31.53333,-84.13333,199401,191,0,0,570,0,74,17,558,332,445
COOP:090140,ALBANY 3 SE GA US,54.9,31.53333,-84.13333,199402,170,0,0,313,0,82,23,674,419,547
COOP:090140,ALBANY 3 SE GA US,54.9,31.53333,-84.13333,199403,383,0,0,836,0,85,33,731,460,596
COOP:090140,ALBANY 3 SE GA US,54.9,31.53333,-84.13333,199404,159,0,0,507,0,89,36,799,538,669
COOP:090140,ALBANY 3 SE GA US,54.9,31.53333,-84.13333,199405,115,0,0,243,0,90,50,837,600,719
COOP:090140,ALBANY 3 SE GA US,54.9,31.53333,-84.13333,199406,118,0,0,732,0,95,60,884,701,793
COOP:090140,ALBANY 3 SE GA US,54.9,31.53333,-84.13333,199407,300,0,0,-9999,0,93,67,-9999,-9999,-9999
COOP:090140,ALBANY 3 SE GA US,54.9,31.53333,-84.13333,199408,380,0,0,1073,0,94,64,882,690,786
COOP:090140,ALBANY 3 SE GA US,54.9,31.53333,-84.13333,199409,152,0,0,433,0,92,56,846,649,748
COOP:090140,ALBANY 3 SE GA US,54.9,31.53333,-84.13333,199410,400,0,0,783,0,89,44,762,565,664
COOP:090140,ALBANY 3 SE GA US,54.9,31.53333,-84.13333,199411,119,0,0,365,0,82,29,725,497,611
COOP:090140,ALBANY 3 SE GA US,54.9,31.53333,-84.13333,199412,191,0,0,346,0,73,32,628,431,530
COOP:090140,ALBANY 3 SE GA US,54.9,31.53333,-84.13333,199501,74,0,0,355,0,74,26,599,349,474
COOP:090140,ALBANY 3 SE GA US,54.9,31.53333,-84.13333,199502,310,0,0,543,0,80,19,626,387,507
COOP:090140,ALBANY 3 SE GA US,54.9,31.53333,-84.13333,199503,48,0,0,245,0,84,32,732,502,617
COOP:090140,ALBANY 3 SE GA US,54.9,31.53333,-84.13333,199504,78,0,0,146,0,87,38,778,513,646
COOP:090140,ALBANY 3 SE GA US,54.9,31.53333,-84.13333,199505,194,0,0,301,0,95,49,879,621,750
COOP:090140,ALBANY 3 SE GA US,54.9,31.53333,-84.13333,199506,200,0,0,578,0,96,57,876,669,773
COOP:090140,ALBANY 3 SE GA US,54.9,31.53333,-84.13333,199507,254,0,0,652,0,98,65,939,717,828
COOP:090140,ALBANY 3 SE GA US,54.9,31.53333,-84.13333,199508,193,0,0,344,0,102,68,923,730,827
COOP:090140,ALBANY 3 SE GA US,54.9,31.53333,-84.13333,199509,92,0,0,130,0,94,57,878,660,769
COOP:090140,ALBANY 3 SE GA US,54.9,31.53333,-84.13333,199510,267,0,0,653,0,92,40,808,573,691
COOP:090140,ALBANY 3 SE GA US,54.9,31.53333,-84.13333,199511,80,0,0,268,0,82,30,652,411,532
COOP:090140,ALBANY 3 SE GA US,54.9,31.53333,-84.13333,199512,91,0,0,348,0,76,22,590,374,482
COOP:090140,ALBANY 3 SE GA US,54.9,31.53333,-84.13333,199601,119,0,0,408,0,77,19,597,341,469
COOP:090140,ALBANY 3 SE GA US,54.9,31.53333,-84.13333,199603,181,0,0,960,0,80,21,650,426,538
COOP:090140,ALBANY 3 SE GA US,54.9,31.53333,-84.13333,199604,141,0,0,292,0,88,35,752,481,617
COOP:090140,ALBANY 3 SE GA US,54.9,31.53333,-84.13333,199605,125,0,0,260,0,97,44,874,626,750
COOP:090140,ALBANY 3 SE GA US,54.9,31.53333,-84.13333,199606,100,0,0,241,0,96,60,889,674,782
COOP:090140,ALBANY 3 SE GA US,54.9,31.53333,-84.13333,199607,50,0,0,177,0,98,66,935,728,832
COOP:090140,ALBANY 3 SE GA US,54.9,31.53333,-84.13333,199608,140,0,0,975,0,96,67,899,704,802
COOP:090140,ALBANY 3 SE GA US,54.9,31.53333,-84.13333,199609,302,0,0,480,0,93,56,861,655,758
COOP:090140,ALBANY 3 SE GA US,54.9,31.53333,-84.13333,199610,171,0,0,289,0,88,37,783,532,658
COOP:090140,ALBANY 3 SE GA US,54.9,31.53333,-84.13333,199611,68,0,0,222,0,83,34,688,453,571
COOP:090140,ALBANY 3 SE GA US,54.9,31.53333,-84.13333,199612,187,0,0,531,0,81,22,657,416,537
COOP:090140,ALBANY 3 SE GA US,54.9,31.53333,-84.13333,199701,237,0,0,714,0,78,25,629,423,526
COOP:090140,ALBANY 3 SE GA US,54.9,31.53333,-84.13333,199702,355,0,0,840,0,83,32,662,462,562
COOP:090140,ALBANY 3 SE GA US,54.9,31.53333,-84.13333,199703,23,0,0,72,0,87,41,795,552,674
COOP:090140,ALBANY 3 SE GA US,54.9,31.53333,-84.13333,199704,158,0,0,421,0,85,39,754,507,631
COOP:090140,ALBANY 3 SE GA US,54.9,31.53333,-84.13333,199705,223,0,0,616,0,90,44,823,592,708
COOP:090140,ALBANY 3 SE GA US,54.9,31.53333,-84.13333,199706,89,0,0,320,0,93,60,847,667,757
COOP:090140,ALBANY 3 SE GA US,54.9,31.53333,-84.13333,199707,131,0,0,423,0,98,69,929,734,832
COOP:090140,ALBANY 3 SE GA US,54.9,31.53333,-84.13333,199708,75,0,0,219,0,99,64,905,710,808
COOP:090140,ALBANY 3 SE GA US,54.9,31.53333,-84.13333,199709,163,0,0,338,0,98,58,918,679,799
COOP:090140,ALBANY 3 SE GA US,54.9,31.53333,-84.13333,199710,556,0,0,774,0,92,40,763,545,654
COOP:090140,ALBANY 3 SE GA US,54.9,31.53333,-84.13333,199711,342,0,0,838,0,79,27,643,428,536
COOP:090140,ALBANY 3 SE GA US,54.9,31.53333,-84.13333,199712,235,0,0,863,0,76,20,603,373,488
COOP:090140,ALBANY 3 SE GA US,54.9,31.53333,-84.13333,199801,143,0,0,488,0,71,26,582,372,477
COOP:090140,ALBANY 3 SE GA US,54.9,31.53333,-84.13333,199802,138,0,0,625,0,82,30,658,441,550
COOP:090140,ALBANY 3 SE GA US,54.9,31.53333,-84.13333,199803,397,0,0,827,0,91,37,731,515,623
COOP:090140,ALBANY 3 SE GA US,54.9,31.53333,-84.13333,199804,213,0,0,270,0,89,47,805,585,695
COOP:090140,ALBANY 3 SE GA US,54.9,31.53333,-84.13333,199805,165,0,0,521,0,97,54,844,630,737
COOP:090140,ALBANY 3 SE GA US,54.9,31.53333,-84.13333,199806,48,0,0,96,0,103,59,945,709,827
COOP:090140,ALBANY 3 SE GA US,54.9,31.53333,-84.13333,199807,240,0,0,870,0,101,73,948,746,847
COOP:090140,ALBANY 3 SE GA US,54.9,31.53333,-84.13333,199808,185,0,0,522,0,99,64,931,715,823
COOP:090140,ALBANY 3 SE GA US,54.9,31.53333,-84.13333,199809,552,0,0,1240,0,99,62,874,704,789
COOP:090140,ALBANY 3 SE GA US,54.9,31.53333,-84.13333,199810,10,-9999,-9999,16,0,89,41,825,575,700
COOP:090140,ALBANY 3 SE GA US,54.9,31.53333,-84.13333,199811,97,0,0,212,0,87,38,745,523,634
COOP:090140,ALBANY 3 SE GA US,54.9,31.53333,-84.13333,199812,155,0,0,191,0,80,29,673,466,570
COOP:090140,ALBANY 3 SE GA US,54.9,31.53333,-84.13333,199901,165,0,0,588,0,80,20,661,379,520
COOP:090140,ALBANY 3 SE GA US,54.9,31.53333,-84.13333,199902,68,0,0,189,0,81,28,671,416,544
COOP:090140,ALBANY 3 SE GA US,54.9,31.53333,-84.13333,199903,115,0,0,228,0,82,31,709,417,563
COOP:090140,ALBANY 3 SE GA US,54.9,31.53333,-84.13333,199904,54,0,0,156,0,91,40,831,565,698
COOP:090140,ALBANY 3 SE GA US,54.9,31.53333,-84.13333,199905,100,0,0,223,0,92,47,849,595,722
COOP:090140,ALBANY 3 SE GA US,54.9,31.53333,-84.13333,199906,148,0,0,472,0,97,65,890,698,794
COOP:090140,ALBANY 3 SE GA US,54.9,31.53333,-84.13333,199907,119,0,0,609,0,99,70,913,727,820
COOP:090140,ALBANY 3 SE GA US,54.9,31.53333,-84.13333,199908,80,0,0,95,0,101,70,962,735,849
COOP:090140,ALBANY 3 SE GA US,54.9,31.53333,-84.13333,199909,123,0,0,200,0,98,52,890,643,767
COOP:090140,ALBANY 3 SE GA US,54.9,31.53333,-84.13333,199910,82,0,0,161,0,88,36,797,560,679
COOP:090140,ALBANY 3 SE GA US,54.9,31.53333,-84.13333,199911,155,0,0,239,0,85,32,735,455,595
COOP:090140,ALBANY 3 SE GA US,54.9,31.53333,-84.13333,199912,127,0,0,278,0,79,24,638,366,502
COOP:090140,ALBANY 3 SE GA US,54.9,31.53333,-84.13333,200001,152,0,0,396,0,79,25,609,379,494
COOP:090140,ALBANY 3 SE GA US,54.9,31.53333,-84.13333,200002,218,0,0,306,0,80,23,687,388,538
COOP:090140,ALBANY 3 SE GA US,54.9,31.53333,-84.13333,200003,107,0,0,496,0,82,33,750,470,610
COOP:090140,ALBANY 3 SE GA US,54.9,31.53333,-84.13333,200004,134,0,0,246,0,87,33,766,485,626
COOP:090140,ALBANY 3 SE GA US,54.9,31.53333,-84.13333,200005,94,0,0,94,0,97,49,896,636,766
COOP:090140,ALBANY 3 SE GA US,54.9,31.53333,-84.13333,200006,157,0,0,354,0,99,60,926,680,803
COOP:090140,ALBANY 3 SE GA US,54.9,31.53333,-84.13333,200007,134,0,0,441,0,102,67,947,715,831
COOP:090140,ALBANY 3 SE GA US,54.9,31.53333,-84.13333,200008,52,0,0,138,0,102,64,934,704,819
COOP:090140,ALBANY 3 SE GA US,54.9,31.53333,-84.13333,200009,219,0,0,798,0,96,54,852,665,759
COOP:090140,ALBANY 3 SE GA US,54.9,31.53333,-84.13333,200010,12,0,0,12,0,91,39,806,511,659
COOP:090140,ALBANY 3 SE GA US,54.9,31.53333,-84.13333,200011,119,0,0,448,0,86,24,692,447,570
COOP:090140,ALBANY 3 SE GA US,54.9,31.53333,-84.13333,200012,145,0,0,404,0,75,18,556,331,444
COOP:090140,ALBANY 3 SE GA US,54.9,31.53333,-84.13333,200101,68,0,0,185,0,79,18,581,312,447
COOP:090140,ALBANY 3 SE GA US,54.9,31.53333,-84.13333,200102,32,0,0,91,0,83,30,684,449,567
COOP:090140,ALBANY 3 SE GA US,54.9,31.53333,-84.13333,200103,214,0,0,993,0,82,31,675,451,563
COOP:090140,ALBANY 3 SE GA US,54.9,31.53333,-84.13333,200104,158,0,0,209,0,89,37,790,530,660
COOP:090140,ALBANY 3 SE GA US,54.9,31.53333,-84.13333,200105,93,0,0,142,0,94,51,859,593,726
COOP:090140,ALBANY 3 SE GA US,54.9,31.53333,-84.13333,200106,111,0,0,552,0,94,62,888,691,790
COOP:090140,ALBANY 3 SE GA US,54.9,31.53333,-84.13333,200107,31,0,0,92,0,97,66,922,720,821
COOP:090140,ALBANY 3 SE GA US,54.9,31.53333,-84.13333,200108,121,0,0,394,0,96,64,914,710,812
COOP:090140,ALBANY 3 SE GA US,54.9,31.53333,-84.13333,200109,120,0,0,423,0,93,49,848,638,743
COOP:090140,ALBANY 3 SE GA US,54.9,31.53333,-84.13333,200110,121,0,0,151,0,86,33,780,504,642
COOP:090140,ALBANY 3 SE GA US,54.9,31.53333,-84.13333,200111,60,0,0,102,0,83,32,770,473,622
COOP:090140,ALBANY 3 SE GA US,54.9,31.53333,-84.13333,200112,34,0,0,88,0,80,22,685,429,557
COOP:090140,ALBANY 3 SE GA US,54.9,31.53333,-84.13333,200201,85,0,0,324,0,82,20,623,372,498
COOP:090140,ALBANY 3 SE GA US,54.9,31.53333,-84.13333,200202,170,0,0,217,0,82,19,638,371,505
COOP:090140,ALBANY 3 SE GA US,54.9,31.53333,-84.13333,200203,140,0,0,535,0,86,20,735,439,587
COOP:090140,ALBANY 3 SE GA US,54.9,31.53333,-84.13333,200204,132,0,0,255,0,91,44,823,598,711
COOP:090140,ALBANY 3 SE GA US,54.9,31.53333,-84.13333,200205,65,0,0,97,0,96,47,869,614,742
COOP:090140,ALBANY 3 SE GA US,54.9,31.53333,-84.13333,200206,58,0,0,309,0,101,60,915,690,803
COOP:090140,ALBANY 3 SE GA US,54.9,31.53333,-84.13333,200207,166,0,0,675,0,101,69,940,718,829
COOP:090140,ALBANY 3 SE GA US,54.9,31.53333,-84.13333,200208,58,0,0,196,0,97,63,916,711,814
COOP:090140,ALBANY 3 SE GA US,54.9,31.53333,-84.13333,200209,329,0,0,506,0,100,64,887,704,796
COOP:090140,ALBANY 3 SE GA US,54.9,31.53333,-84.13333,200210,80,0,0,258,0,93,45,804,635,720
COOP:090140,ALBANY 3 SE GA US,54.9,31.53389,-84.14889,200211,181,0,0,405,0,83,27,669,426,548
COOP:090140,ALBANY 3 SE GA US,54.9,31.53389,-84.14889,200212,130,0,0,346,0,76,27,593,366,480
COOP:090140,ALBANY 3 SE GA US,54.9,31.53389,-84.14889,200301,118,0,0,142,0,75,15,573,321,447
COOP:090140,ALBANY 3 SE GA US,54.9,31.53389,-84.14889,200302,133,0,0,494,0,77,31,637,397,517
COOP:090140,ALBANY 3 SE GA US,54.9,31.53389,-84.14889,200303,137,0,0,735,0,83,34,717,518,618
COOP:090140,ALBANY 3 SE GA US,54.9,31.53389,-84.14889,200304,228,0,0,497,0,86,35,773,540,657
COOP:090140,ALBANY 3 SE GA US,54.9,31.53389,-84.14889,200305,222,0,0,560,0,94,54,859,645,752
COOP:090140,ALBANY 3 SE GA US,54.9,31.53389,-84.14889,200306,143,0,0,588,0,94,60,884,701,793
COOP:090140,ALBANY 3 SE GA US,54.9,31.53389,-84.14889,200307,184,0,0,535,0,94,71,893,722,808
COOP:090140,ALBANY 3 SE GA US,54.9,31.53389,-84.14889,200308,256,0,0,1115,0,94,70,898,724,811
COOP:090140,ALBANY 3 SE GA US,54.9,31.53389,-84.14889,200309,101,0,0,263,0,92,51,858,655,757
COOP:090140,ALBANY 3 SE GA US,54.9,31.53389,-84.14889,200310,119,0,0,208,0,87,46,789,555,672
COOP:090140,ALBANY 3 SE GA US,54.9,31.53389,-84.14889,200311,126,0,0,219,0,87,28,748,477,613
COOP:090140,ALBANY 3 SE GA US,54.9,31.53389,-84.14889,200312,91,0,0,215,0,72,24,598,322,460
COOP:090140,ALBANY 3 SE GA US,54.9,31.53389,-84.14889,200401,241,0,0,322,0,80,24,610,341,476
COOP:090140,ALBANY 3 SE GA US,54.9,31.53389,-84.14889,200402,132,0,0,501,0,76,27,580,382,481
COOP:090140,ALBANY 3 SE GA US,54.9,31.53389,-84.14889,200403,21,0,0,29,0,85,32,749,463,606
COOP:090140,ALBANY 3 SE GA US,54.9,31.53389,-84.14889,200404,96,0,0,257,0,88,37,779,485,632
COOP:090140,ALBANY 3 SE GA US,54.9,31.53389,-84.14889,200405,448,0,0,667,0,95,48,870,640,755
COOP:090140,ALBANY 3 SE GA US,54.9,31.53389,-84.14889,200406,267,0,0,961,0,94,65,889,702,796
COOP:090140,ALBANY 3 SE GA US,54.9,31.53389,-84.14889,200407,168,0,0,434,0,96,67,921,715,818
COOP:090140,ALBANY 3 SE GA US,54.9,31.53389,-84.14889,200408,170,0,0,665,0,96,64,903,706,805
COOP:090140,ALBANY 3 SE GA US,54.9,31.53389,-84.14889,200409,450,0,0,895,0,91,58,842,676,759
COOP:090140,ALBANY 3 SE GA US,54.9,31.53389,-84.14889,200410,47,0,0,103,0,89,47,802,600,701
COOP:090140,ALBANY 3 SE GA US,54.9,31.53389,-84.14889,200411,220,0,0,402,0,85,33,713,485,599
COOP:090140,ALBANY 3 SE GA US,54.9,31.53389,-84.14889,200412,115,0,0,302,0,77,25,609,371,490
COOP:090140,ALBANY 3 SE GA US,54.9,31.53389,-84.14889,200501,114,0,0,185,0,76,20,633,406,520
COOP:090140,ALBANY 3 SE GA US,54.9,31.53389,-84.14889,200502,114,0,0,370,0,83,30,639,416,528
COOP:090140,ALBANY 3 SE GA US,54.9,31.53389,-84.14889,200503,278,0,0,866,0,81,30,674,424,549
COOP:090140,ALBANY 3 SE GA US,54.9,31.53389,-84.14889,200504,203,0,0,771,0,84,39,749,499,624
COOP:090140,ALBANY 3 SE GA US,54.9,31.53389,-84.14889,200505,147,0,0,252,0,93,48,830,581,706
COOP:090140,ALBANY 3 SE GA US,54.9,31.53389,-84.14889,200506,164,0,0,694,0,95,64,872,706,789
COOP:090140,ALBANY 3 SE GA US,54.9,31.53389,-84.14889,200507,425,0,0,820,0,97,69,918,741,830
COOP:090140,ALBANY 3 SE GA US,54.9,31.53389,-84.14889,200508,123,0,0,480,0,97,71,903,733,818
COOP:090140,ALBANY 3 SE GA US,54.9,31.53389,-84.14889,200509,85,0,0,195,0,95,61,899,686,793
COOP:090140,ALBANY 3 SE GA US,54.9,31.53389,-84.14889,200510,22,0,0,58,0,91,37,796,562,679
COOP:090140,ALBANY 3 SE GA US,54.9,31.53389,-84.14889,200511,94,0,0,273,0,85,32,734,468,601
COOP:090140,ALBANY 3 SE GA US,54.9,31.53389,-84.14889,200512,167,0,0,663,0,71,23,596,343,470
COOP:090140,ALBANY 3 SE GA US,54.9,31.53389,-84.14889,200601,208,0,0,533,0,76,30,670,417,544
COOP:090140,ALBANY 3 SE GA US,54.9,31.53389,-84.14889,200602,228,0,0,558,0,76,25,614,375,495
COOP:090140,ALBANY 3 SE GA US,54.9,31.53389,-84.14889,200603,41,0,0,87,0,86,31,723,426,575
COOP:090140,ALBANY 3 SE GA US,54.9,31.53389,-84.14889,200604,35,0,0,110,0,90,40,834,558,696
COOP:090140,ALBANY 3 SE GA US,54.9,31.53389,-84.14889,200605,97,0,0,255,0,98,49,855,605,730
COOP:090140,ALBANY 3 SE GA US,54.9,31.53389,-84.14889,200606,176,0,0,410,0,99,58,923,676,800
COOP:090140,ALBANY 3 SE GA US,54.9,31.53389,-84.14889,200607,114,0,0,453,0,100,64,941,714,828
COOP:090140,ALBANY 3 SE GA US,54.9,31.53389,-84.14889,200608,123,0,0,574,0,98,70,931,728,830
COOP:090140,ALBANY 3 SE GA US,54.9,31.53389,-84.14889,200609,148,0,0,394,0,94,49,867,658,763
COOP:090140,ALBANY 3 SE GA US,54.9,31.53389,-84.14889,200610,110,0,0,321,0,90,37,785,520,653
COOP:090140,ALBANY 3 SE GA US,54.9,31.53389,-84.14889,200611,221,0,0,271,0,81,32,691,416,554
COOP:090140,ALBANY 3 SE GA US,54.9,31.53389,-84.14889,200612,144,0,0,460,0,79,21,665,415,540
COOP:090140,ALBANY 3 SE GA US,54.9,31.53389,-84.14889,200701,178,0,0,616,0,77,27,604,414,509
COOP:090140,ALBANY 3 SE GA US,54.9,31.53389,-84.14889,200702,202,0,0,377,0,78,22,616,348,482
COOP:090140,ALBANY 3 SE GA US,54.9,31.53389,-84.14889,200703,176,0,0,186,0,88,29,761,464,613
COOP:090140,ALBANY 3 SE GA US,54.9,31.53389,-84.14889,200704,214,0,0,316,0,85,30,762,470,616
COOP:090140,ALBANY 3 SE GA US,54.9,31.53389,-84.14889,200705,90,0,0,90,0,91,47,868,590,729
COOP:090140,ALBANY 3 SE GA US,54.9,31.53389,-84.14889,200706,119,0,0,456,0,97,61,904,682,793
COOP:090140,ALBANY 3 SE GA US,54.9,31.53389,-84.14889,200707,180,0,0,490,0,98,65,924,710,817
COOP:090140,ALBANY 3 SE GA US,54.9,31.53389,-84.14889,200708,251,0,0,678,0,101,70,956,736,846
COOP:090140,ALBANY 3 SE GA US,54.9,31.53389,-84.14889,200709,193,0,0,441,0,93,58,877,673,775
COOP:090140,ALBANY 3 SE GA US,54.9,31.53389,-84.14889,200710,90,0,0,241,0,89,46,807,594,701
COOP:090140,ALBANY 3 SE GA US,54.9,31.53389,-84.14889,200711,57,0,0,125,0,81,29,706,409,558
COOP:090140,ALBANY 3 SE GA US,54.9,31.53389,-84.14889,200712,255,0,0,668,0,81,28,668,432,550
COOP:090140,ALBANY 3 SE GA US,54.9,31.53389,-84.14889,200801,129,0,0,403,0,76,21,580,363,472
COOP:090140,ALBANY 3 SE GA US,54.9,31.53389,-84.14889,200802,164,0,0,625,0,80,26,664,378,521
COOP:090140,ALBANY 3 SE GA US,54.9,31.53389,-84.14889,200803,138,0,0,267,0,83,29,699,413,556
COOP:090140,ALBANY 3 SE GA US,54.9,31.53389,-84.14889,200804,130,0,0,243,0,86,34,761,526,644
COOP:090140,ALBANY 3 SE GA US,54.9,31.53389,-84.14889,200805,20,0,0,45,0,92,46,848,591,720
COOP:090140,ALBANY 3 SE GA US,54.9,31.53389,-84.14889,200806,76,0,0,358,0,100,61,933,690,812
COOP:090140,ALBANY 3 SE GA US,54.9,31.53389,-84.14889,200808,340,0,0,1387,0,98,63,888,711,800
COOP:090140,ALBANY 3 SE GA US,54.9,31.53389,-84.14889,200809,50,0,0,118,0,92,53,867,664,766
COOP:090140,ALBANY 3 SE GA US,54.9,31.53389,-84.14889,200810,325,0,0,525,0,89,31,761,529,645
COOP:090140,ALBANY 3 SE GA US,54.9,31.53389,-84.14889,200811,126,0,0,263,0,77,27,663,410,537
COOP:090140,ALBANY 3 SE GA US,54.9,31.53389,-84.14889,200901,60,0,0,160,0,74,21,605,370,488
COOP:090140,ALBANY 3 SE GA US,54.9,31.53389,-84.14889,200903,600,0,0,960,0,82,27,692,455,574
COOP:090140,ALBANY 3 SE GA US,54.9,31.53389,-84.14889,200904,353,0,0,1027,0,92,37,765,520,643
COOP:090140,ALBANY 3 SE GA US,54.9,31.53389,-84.14889,200908,182,0,0,608,0,96,63,913,724,819
COOP:090140,ALBANY 3 SE GA US,54.9,31.53389,-84.14889,200909,43,0,0,73,0,94,51,888,696,792
COOP:090140,ALBANY 3 SE GA US,54.9,31.53389,-84.14889,200910,136,0,0,454,0,93,39,794,589,692
COOP:090140,ALBANY 3 SE GA US,54.9,31.53389,-84.14889,200911,102,0,0,190,0,78,34,692,450,571
COOP:090140,ALBANY 3 SE GA US,54.9,31.53389,-84.14889,200912,157,0,0,838,0,80,29,595,394,495
COOP:090140,ALBANY 3 SE GA US,54.9,31.53389,-84.14889,201001,182,0,0,662,0,73,18,565,331,448
COOP:090140,ALBANY 3 SE GA US,54.9,31.53389,-84.14889,201002,145,0,0,346,0,73,27,545,331,438
COOP:090140,ALBANY 3 SE GA US,54.9,31.53389,-84.14889,201003,87,0,0,274,0,77,28,660,405,533
COOP:090140,ALBANY 3 SE GA US,54.9,31.53389,-84.14889,201004,182,0,0,358,0,91,42,820,522,671
COOP:090140,ALBANY 3 SE GA US,54.9,31.53389,-84.14889,201005,235,0,0,593,0,95,53,881,652,767
COOP:090140,ALBANY 3 SE GA US,54.9,31.53389,-84.14889,201006,131,0,0,431,0,99,70,-9999,-9999,-9999
COOP:090140,ALBANY 3 SE GA US,54.9,31.53389,-84.14889,201007,79,0,0,328,0,101,65,944,732,838
COOP:090140,ALBANY 3 SE GA US,54.9,31.53389,-84.14889,201008,101,0,0,590,0,101,71,934,745,840
COOP:090140,ALBANY 3 SE GA US,54.9,31.53389,-84.14889,201009,198,0,0,442,0,98,57,910,655,783
COOP:090140,ALBANY 3 SE GA US,54.9,31.53389,-84.14889,201010,82,0,0,122,0,90,43,825,514,670
COOP:090140,ALBANY 3 SE GA US,54.9,31.53389,-84.14889,201011,156,0,0,273,0,81,30,714,425,570
COOP:090140,ALBANY 3 SE GA US,54.9,31.53389,-84.14889,201012,53,0,0,121,0,71,20,547,292,420
COOP:090140,ALBANY 3 SE GA US,54.9,31.53389,-84.14889,201101,95,-9999,0,468,0,74,19,562,316,439
COOP:090140,ALBANY 3 SE GA US,54.9,31.53389,-84.14889,201102,168,-9999,0,475,0,79,28,652,396,524
COOP:090140,ALBANY 3 SE GA US,54.9,31.53389,-84.14889,201103,135,-9999,0,405,0,86,34,730,476,603
COOP:090140,ALBANY 3 SE GA US,54.9,31.53389,-84.14889,201104,130,-9999,0,183,0,91,39,828,538,683
COOP:090140,ALBANY 3 SE GA US,54.9,31.53389,-84.14889,201105,79,-9999,0,89,0,98,44,888,586,737
COOP:090140,ALBANY 3 SE GA US,54.9,31.53389,-84.14889,201106,70,-9999,0,188,0,101,67,970,704,837
COOP:090140,ALBANY 3 SE GA US,54.9,31.53389,-84.14889,201107,220,-9999,0,762,0,99,69,937,725,831
COOP:090140,ALBANY 3 SE GA US,54.9,31.53389,-84.14889,201108,135,-9999,0,312,0,99,64,952,718,835
COOP:090140,ALBANY 3 SE GA US,54.9,31.53389,-84.14889,201109,100,-9999,0,182,0,94,55,871,637,754
COOP:090140,ALBANY 3 SE GA US,54.9,31.53389,-84.14889,201110,98,-9999,0,262,0,88,38,772,499,636
COOP:090140,ALBANY 3 SE GA US,54.9,31.53389,-84.14889,201111,72,-9999,0,174,0,84,28,719,447,583
COOP:090140,ALBANY 3 SE GA US,54.9,31.53389,-84.14889,201112,88,-9999,0,220,0,77,29,649,419,534
COOP:090140,ALBANY 3 SE GA US,54.9,31.53389,-84.14889,201201,120,-9999,0,287,0,77,20,658,396,527
COOP:090140,ALBANY 3 SE GA US,54.9,31.53389,-84.14889,201202,267,-9999,0,339,0,79,21,664,440,552
COOP:090140,ALBANY 3 SE GA US,54.9,31.53389,-84.14889,201203,236,-9999,0,405,0,86,39,789,548,669
COOP:090140,ALBANY 3 SE GA US,54.9,31.5338,-84.1488,201204,106,-9999,0,225,0,90,39,798,540,669
COOP:090140,ALBANY 3 SE GA US,54.9,31.5338,-84.1488,201205,152,-9999,0,319,0,97,53,874,636,755
COOP:090140,ALBANY 3 SE GA US,54.9,31.5338,-84.1488,201206,80,-9999,0,339,0,99,61,876,667,772
COOP:090140,ALBANY 3 SE GA US,54.9,31.5338,-84.1488,201207,89,-9999,0,216,0,102,70,946,721,834
COOP:090140,ALBANY 3 SE GA US,54.9,31.5338,-84.1488,201208,194,-9999,0,744,0,96,64,877,703,790
COOP:090140,ALBANY 3 SE GA US,54.9,31.5338,-84.1488,201209,83,-9999,0,303,0,92,54,866,652,759
COOP:090140,ALBANY 3 SE GA US,54.9,31.5338,-84.1488,201210,28,-9999,0,70,0,87,39,781,552,667
COOP:090140,ALBANY 3 SE GA US,54.9,31.5338,-84.1488,201211,92,0,0,95,0,85,26,683,415,549
COOP:090140,ALBANY 3 SE GA US,54.9,31.5338,-84.1488,201212,100,0,0,418,0,78,28,651,428,540
COOP:090140,ALBANY 3 SE GA US,54.9,31.5338,-84.1488,201301,68,0,0,159,0,80,29,664,435,549
COOP:090140,ALBANY 3 SE GA US,54.9,31.5338,-84.1488,201302,449,0,0,1829,0,72,26,620,391,505
COOP:090140,ALBANY 3 SE GA US,54.9,31.5338,-84.1488,201303,175,-9999,0,375,0,79,28,647,387,517
COOP:090140,ALBANY 3 SE GA US,54.9,31.5338,-84.1488,201304,117,-9999,0,309,0,85,38,775,517,646
COOP:090140,ALBANY 3 SE GA US,54.9,31.5338,-84.1488,201305,77,-9999,0,156,0,93,45,836,578,707
COOP:090140,ALBANY 3 SE GA US,54.9,31.5338,-84.1488,201306,148,-9999,0,833,0,96,67,909,700,805
COOP:090140,ALBANY 3 SE GA US,54.9,31.5338,-84.1488,201307,222,-9999,0,1166,0,93,69,878,709,794
COOP:090140,ALBANY 3 SE GA US,54.9,31.5338,-84.1488,201308,206,-9999,0,1183,0,94,63,887,708,797
COOP:090140,ALBANY 3 SE GA US,54.9,31.5338,-84.1488,201309,90,-9999,0,221,0,93,57,863,673,768
COOP:090140,ALBANY 3 SE GA US,54.9,31.5338,-84.1488,201310,34,-9999,0,64,0,88,37,785,558,671
COOP:090140,ALBANY 3 SE GA US,54.9,31.5338,-84.1488,201311,193,-9999,0,364,0,82,27,671,444,558
COOP:090140,ALBANY 3 SE GA US,54.9,31.5338,-84.1488,201312,106,-9999,0,413,0,80,29,646,433,540
COOP:090140,ALBANY 3 SE GA US,54.9,31.5338,-84.1488,201401,79,-9999,0,297,0,70,16,531,302,416
COOP:090140,ALBANY 3 SE GA US,54.9,31.5338,-84.1488,201402,192,-9999,0,549,0,80,27,628,391,510
COOP:090140,ALBANY 3 SE GA US,54.9,31.5338,-84.1488,201403,238,-9999,0,593,0,79,27,667,414,540
COOP:090140,ALBANY 3 SE GA US,54.9,31.5338,-84.1488,201404,289,-9999,0,1172,0,86,37,758,524,641
COOP:090140,ALBANY 3 SE GA US,54.9,31.5338,-84.1488,201405,179,-9999,0,400,0,93,47,839,610,724
COOP:090140,ALBANY 3 SE GA US,54.9,31.5338,-84.1488,201406,123,-9999,0,524,0,94,64,897,694,796
COOP:090140,ALBANY 3 SE GA US,54.9,31.5338,-84.1488,201407,150,-9999,0,301,0,95,63,905,704,804
