STATION,DATE,EMXP,MXSD,DSNW,TPCP,TSNW,EMXT,EMNT,MMXT,MMNT,MNTM
COOP:473269,194801,-9999,-9999,-9999,-9999,-9999,-9999,-9999,271,501,106
COOP:473269,194802,-9999,-9999,-9999,-9999,-9999,-9999,-9999,582,700,708
COOP:473269,194803,-9999,-9999,-9999,-9999,-9999,-9999,-9999,102,700,711
COOP:473269,194804,-9999,-9999,-9999,-9999,-9999,-9999,-9999,0,100,310
COOP:473269,194805,-9999,-9999,-9999,-9999,-9999,-9999,-9999,0,0,913
COOP:473269,195001,94,5,-9999,264,119,43,-18,261,53,157
COOP:473269,195002,42,10,-9999,145,157,36,-19,261,74,168
COOP:473269,195003,83,7,-9999,249,50,49,-10,321,165,243
COOP:473269,195004,77,1,-9999,339,39,65,13,436,273,355
COOP:473269,195005,53,0,-9999,150,0,87,25,653,406,530
COOP:473269,195006,81,0,-9999,311,0,88,38,762,523,643
COOP:473269,195007,205,0,-9999,650,0,89,45,776,552,664
COOP:473269,195008,98,0,-9999,272,0,87,38,729,504,617
COOP:473269,195009,133,0,-9999,220,0,79,29,680,477,579
COOP:473269,195010,49,0,-9999,114,0,79,30,619,403,511
COOP:473269,195011,43,3,-9999,112,43,69,-7,380,213,297
COOP:473269,195012,83,10,-9999,184,141,35,-18,227,48,138
COOP:473269,195101,19,15,-9999,87,122,39,-31,212,20,116
COOP:473269,195102,41,11,-9999,172,70,40,-24,269,81,175
COOP:473269,195103,68,4,-9999,266,141,49,2,335,188,262
COOP:473269,195104,86,0,-9999,479,12,80,26,495,341,418
COOP:473269,195105,25,0,-9999,89,0,83,32,688,465,577
COOP:473269,195106,61,0,-9999,230,0,82,37,725,501,613
COOP:473269,195107,163,0,-9999,412,0,88,44,786,567,677
COOP:473269,195108,261,0,-9999,550,0,85,40,740,544,642
COOP:473269,195109,103,0,-9999,293,0,85,29,672,462,567
COOP:473269,195110,88,0,-9999,482,0,77,25,566,385,476
COOP:473269,195111,55,4,-9999,166,89,55,-5,341,167,254
COOP:473269,195112,26,8,-9999,109,100,53,-17,267,102,185
COOP:473269,195201,53,10,-9999,206,155,42,-21,263,72,168
COOP:473269,195202,27,6,-9999,70,81,40,-4,312,132,222
COOP:473269,195203,46,3,-9999,198,76,57,1,347,185,266
COOP:473269,195204,120,1,-9999,157,23,84,20,585,353,469
COOP:473269,195205,57,0,-9999,292,0,90,33,658,426,542
COOP:473269,195206,74,0,-9999,236,0,92,45,766,550,658
COOP:473269,195207,195,0,-9999,382,0,91,44,819,593,706
COOP:473269,195208,68,0,-9999,206,0,87,41,776,554,665
COOP:473269,195209,46,0,-9999,82,0,93,33,731,462,597
COOP:473269,195210,0,0,-9999,0,0,71,16,553,277,415
COOP:473269,195211,95,1,-9999,224,31,65,8,458,273,366
COOP:473269,195212,32,5,-9999,145,107,44,1,317,194,256
COOP:473269,195301,43,4,-9999,110,67,44,-10,285,127,206
COOP:473269,195302,132,11,-9999,356,184,38,-10,281,91,186
COOP:473269,195303,66,4,-9999,194,31,59,-3,380,237,309
COOP:473269,195304,144,0,-9999,552,2,75,23,497,327,412
COOP:473269,195305,32,0,-9999,141,0,84,31,659,425,542
COOP:473269,195306,54,0,-9999,190,0,93,43,786,541,664
COOP:473269,195307,218,0,-9999,315,0,91,45,818,582,700
COOP:473269,195308,66,0,-9999,205,0,93,48,810,578,694
COOP:473269,195309,100,0,-9999,202,0,95,33,720,470,595
COOP:473269,195310,8,0,-9999,22,0,83,24,657,394,526
COOP:473269,195311,23,1,-9999,39,16,72,14,489,297,393
COOP:473269,195312,34,1,-9999,159,32,51,-6,332,177,255
COOP:473269,195401,12,2,-9999,43,50,37,-19,254,61,158
COOP:473269,195402,23,5,-9999,98,72,50,-6,363,189,276
COOP:473269,195403,42,4,-9999,111,54,63,7,369,209,289
COOP:473269,195404,97,0,-9999,445,1,75,7,555,345,450
COOP:473269,195405,214,0,-9999,322,11,80,27,607,387,497
COOP:473269,195406,156,0,-9999,438,0,90,38,772,557,665
COOP:473269,195407,109,0,-9999,294,0,91,47,795,579,687
COOP:473269,195408,55,0,-9999,161,0,88,42,769,538,654
COOP:473269,195409,156,0,-9999,578,0,91,32,685,488,587
COOP:473269,195410,344,0,-9999,500,0,72,21,563,385,474
COOP:473269,195411,44,3,-9999,89,66,64,22,446,285,366
COOP:473269,195412,17,2,-9999,42,45,40,0,306,157,232
COOP:473269,195501,42,5,-9999,78,67,40,-14,245,68,157
COOP:473269,195502,46,5,-9999,137,92,40,-11,271,71,171
COOP:473269,195503,75,8,-9999,140,103,59,-4,358,177,268
COOP:473269,195504,98,0,-9999,240,0,78,27,598,379,489
COOP:473269,195505,75,0,-9999,239,0,84,30,690,445,568
COOP:473269,195506,81,0,-9999,325,0,86,44,761,536,649
COOP:473269,195507,102,0,-9999,478,0,98,49,852,630,741
COOP:473269,195508,52,0,-9999,90,0,99,46,848,602,725
COOP:473269,195509,38,0,-9999,76,0,95,32,733,467,600
COOP:473269,195510,109,0,-9999,358,0,77,28,599,399,499
COOP:473269,195511,59,1,-9999,104,23,52,-3,386,223,305
COOP:473269,195512,53,3,-9999,89,48,42,-8,250,86,168
COOP:473269,195601,31,2,-9999,56,40,38,-16,274,82,178
COOP:473269,195602,27,3,-9999,60,35,37,-10,277,74,176
COOP:473269,195603,48,14,-9999,186,190,47,-5,333,146,240
COOP:473269,195604,55,4,-9999,145,52,65,12,501,284,393
COOP:473269,195605,209,0,-9999,466,0,87,27,633,408,521
COOP:473269,195606,99,0,-9999,390,0,93,33,778,541,660
COOP:473269,195607,225,0,-9999,585,0,83,46,744,556,650
COOP:473269,195608,61,0,-9999,309,0,85,44,765,571,668
COOP:473269,195609,77,0,-9999,165,0,85,27,662,441,552
COOP:473269,195610,51,0,-9999,65,0,80,24,651,410,531
COOP:473269,195611,95,2,-9999,213,37,64,3,413,258,336
COOP:473269,195612,35,4,-9999,87,79,40,-6,306,143,225
COOP:473269,195701,10,4,-9999,35,36,40,-15,185,5,95
COOP:473269,195702,17,4,-9999,43,42,47,-3,306,111,209
COOP:473269,195703,8,1,-9999,46,20,61,4,389,213,301
COOP:473269,195704,113,3,-9999,293,69,81,20,536,349,443
COOP:473269,195705,217,0,-9999,528,0,82,30,623,431,527
COOP:473269,195706,123,0,-9999,248,0,90,36,750,532,641
COOP:473269,195707,100,0,-9999,318,0,93,46,817,576,697
COOP:473269,195708,162,0,-9999,346,0,89,41,772,545,659
COOP:473269,195709,76,0,-9999,215,0,88,29,681,454,568
COOP:473269,195710,62,0,-9999,135,0,70,23,567,349,458
COOP:473269,195711,120,1,-9999,352,29,54,5,406,282,344
COOP:473269,195712,50,3,-9999,159,72,48,-2,335,167,251
COOP:473269,195801,15,4,-9999,42,47,38,-4,269,120,195
COOP:473269,195802,4,3,-9999,16,16,46,-14,236,63,150
COOP:473269,195803,22,4,-9999,50,56,54,16,387,243,315
COOP:473269,195804,67,0,-9999,256,14,83,23,555,323,439
COOP:473269,195805,53,0,-9999,127,0,82,27,673,386,530
COOP:473269,195806,64,0,-9999,182,0,89,32,721,455,588
COOP:473269,195807,92,0,-9999,207,0,89,42,790,554,672
COOP:473269,195808,117,0,-9999,268,0,94,40,804,553,679
COOP:473269,195809,105,0,-9999,320,0,82,34,702,479,591
COOP:473269,195810,67,0,-9999,225,0,77,28,611,400,506
COOP:473269,195811,56,2,-9999,134,24,65,-3,445,279,362
COOP:473269,195812,9,1,-9999,16,18,47,-9,238,62,150
COOP:473269,195901,38,7,-9999,104,121,36,-18,184,-9,88
COOP:473269,195902,106,14,-9999,198,201,37,-19,228,20,124
COOP:473269,195903,52,17,-9999,187,196,44,-7,340,158,249
COOP:473269,195904,74,1,-9999,284,5,73,21,531,323,427
COOP:473269,195905,95,0,-9999,386,0,91,32,711,472,592
COOP:473269,195906,35,0,-9999,126,0,89,41,773,542,658
COOP:473269,195907,295,0,-9999,421,0,90,46,810,566,688
COOP:473269,195908,100,0,-9999,271,0,91,45,816,620,718
COOP:473269,195909,204,0,-9999,517,0,94,32,722,498,610
COOP:473269,195910,147,1,-9999,327,17,64,22,510,371,441
COOP:473269,195911,65,3,-9999,147,116,59,0,334,180,257
COOP:473269,195912,107,8,-9999,285,134,44,7,343,226,285
COOP:473269,196001,44,2,-9999,104,44,38,-3,276,143,210
COOP:473269,196002,25,4,-9999,48,66,42,-4,280,127,204
COOP:473269,196003,70,3,-9999,121,27,57,-9,304,86,195
COOP:473269,196004,111,1,-9999,313,25,82,17,542,343,443
COOP:473269,196005,204,1,-9999,775,26,80,29,630,431,531
COOP:473269,196006,117,0,-9999,307,0,85,40,723,503,613
COOP:473269,196007,46,0,-9999,187,0,89,45,790,547,669
COOP:473269,196008,89,0,-9999,352,0,90,44,781,575,678
COOP:473269,196009,99,0,-9999,309,0,92,36,706,507,607
COOP:473269,196010,144,0,-9999,232,0,78,18,586,358,472
COOP:473269,196011,35,0,-9999,69,1,62,16,448,294,371
COOP:473269,196012,5,0,-9999,10,7,55,-8,270,117,194
COOP:473269,196101,10,2,-9999,31,50,50,-13,241,75,158
COOP:473269,196102,38,2,-9999,93,38,47,-6,326,178,252
COOP:473269,196103,72,2,-9999,212,81,61,12,389,267,328
COOP:473269,196104,53,1,-9999,167,15,67,22,496,331,414
COOP:473269,196105,50,0,-9999,142,0,86,27,658,399,529
COOP:473269,196106,120,0,-9999,431,0,91,40,768,523,646
COOP:473269,196107,107,0,-9999,491,0,90,45,801,582,692
COOP:473269,196108,168,0,-9999,284,0,91,47,799,563,681
COOP:473269,196109,157,0,-9999,502,0,90,30,718,512,615
COOP:473269,196110,102,0,-9999,334,0,77,24,596,405,501
COOP:473269,196111,116,2,-9999,260,34,69,17,421,274,348
COOP:473269,196112,34,12,-9999,127,168,58,-17,263,74,169
COOP:473269,196201,28,15,-9999,127,158,40,-23,198,29,114
COOP:473269,196202,38,19,-9999,202,206,37,-17,225,53,139
COOP:473269,196203,33,19,-9999,113,67,58,-29,350,195,273
COOP:473269,196204,90,0,-9999,255,0,87,20,541,326,434
COOP:473269,196205,70,0,-9999,286,0,86,36,693,505,599
COOP:473269,196206,99,0,-9999,435,0,85,42,742,537,640
COOP:473269,196207,90,0,-9999,270,0,88,46,767,563,665
COOP:473269,196208,75,0,-9999,286,0,90,45,810,569,690
COOP:473269,196209,115,0,-9999,387,0,83,34,694,466,580
COOP:473269,196210,80,0,-9999,194,4,80,22,598,416,507
COOP:473269,196211,36,4,-9999,84,66,56,13,438,293,366
COOP:473269,196212,38,5,-9999,103,78,61,-19,289,114,202
COOP:473269,196301,39,8,31,68,80,39,-27,142,-2,70
COOP:473269,196302,27,7,28,59,62,39,-15,213,8,111
COOP:473269,196303,42,10,25,258,133,72,-3,405,196,301
COOP:473269,196304,29,4,1,98,39,80,22,608,341,475
COOP:473269,196305,76,0,0,154,0,83,27,665,422,544
COOP:473269,196306,140,0,0,267,0,92,40,816,551,684
COOP:473269,196307,126,0,0,277,0,93,43,820,580,700
COOP:473269,196308,88,0,0,207,0,86,41,769,543,656
COOP:473269,196309,112,0,0,300,0,83,34,699,470,585
COOP:473269,196310,30,0,0,73,0,88,33,679,450,565
COOP:473269,196311,103,0,0,163,0,60,11,457,300,379
COOP:473269,196312,31,1,20,73,41,48,-16,207,35,121
COOP:473269,196401,89,1,23,114,29,48,-3,289,128,209
COOP:473269,196402,10,1,5,26,32,54,-12,312,116,214
COOP:473269,196403,54,10,10,176,147,57,-7,360,187,274
COOP:473269,196404,93,4,2,255,5,79,14,542,340,441
COOP:473269,196405,91,0,0,414,0,86,33,709,480,595
COOP:473269,196406,46,0,0,105,0,96,35,777,530,654
COOP:473269,196407,123,0,0,455,0,93,50,825,607,716
COOP:473269,196408,76,0,0,272,0,95,40,764,544,654
COOP:473269,196409,299,0,0,674,0,86,31,674,495,585
COOP:473269,196410,20,0,0,44,0,75,26,581,370,476
COOP:473269,196411,67,0,0,207,1,70,5,479,302,391
COOP:473269,196412,17,2,18,70,63,41,-7,272,126,199
COOP:473269,196501,16,7,17,93,125,44,-21,216,72,144
COOP:473269,196502,28,7,26,85,63,42,-16,245,60,153
COOP:473269,196503,58,9,20,238,170,41,-4,311,177,244
COOP:473269,196504,79,4,6,362,55,77,15,487,321,404
COOP:473269,196505,91,0,0,395,0,87,32,713,486,600
COOP:473269,196506,74,0,0,189,0,92,42,759,512,636
COOP:473269,196507,45,0,0,196,0,92,40,813,563,688
COOP:473269,196508,66,0,0,338,0,96,38,776,563,670
COOP:473269,196509,210,0,0,780,0,83,30,665,485,575
COOP:473269,196510,89,0,0,132,0,79,25,588,397,493
COOP:473269,196511,94,0,0,219,3,68,15,429,276,353
COOP:473269,196512,83,1,2,231,28,51,4,346,228,287
COOP:473269,196601,58,8,29,118,146,35,-25,175,-17,79
COOP:473269,196602,178,7,11,225,11,45,-9,304,131,218
COOP:473269,196603,57,2,4,246,45,71,12,420,252,336
COOP:473269,196604,41,0,0,138,9,69,25,509,322,416
COOP:473269,196605,92,0,0,128,0,83,21,631,386,509
COOP:473269,196606,33,0,0,109,0,94,35,798,542,670
COOP:473269,196607,188,0,0,419,0,97,45,834,583,709
COOP:473269,196608,61,0,0,265,0,88,45,755,539,647
COOP:473269,196609,71,0,0,121,0,87,28,696,441,569
COOP:473269,196610,36,0,0,72,0,81,15,595,359,477
COOP:473269,196611,46,1,2,158,29,55,10,414,269,342
COOP:473269,196612,52,7,14,165,119,44,-9,283,123,203
COOP:473269,196701,98,10,31,252,164,41,-25,290,112,201
COOP:473269,196702,25,9,28,84,99,43,-18,229,34,132
COOP:473269,196703,65,9,25,113,40,73,-10,379,210,295
COOP:473269,196704,77,0,0,277,2,73,23,541,342,442
COOP:473269,196705,59,0,0,245,0,85,26,608,388,498
COOP:473269,196706,183,0,0,847,0,88,44,762,561,662
COOP:473269,196707,120,0,0,196,0,90,46,792,573,683
COOP:473269,196708,95,0,0,243,0,86,38,762,516,639
COOP:473269,196709,18,0,0,46,0,83,32,706,454,580
COOP:473269,196710,129,0,0,471,5,84,21,558,376,467
COOP:473269,196711,66,0,0,166,29,59,6,377,241,309
COOP:473269,196712,26,3,7,117,37,52,-19,299,151,225
COOP:473269,196801,22,5,22,94,92,39,-24,244,84,164
COOP:473269,196802,19,2,13,45,30,40,-10,257,76,167
COOP:473269,196803,34,0,0,97,6,72,11,495,265,380
COOP:473269,196804,103,0,0,484,7,78,16,569,361,465
COOP:473269,196805,79,0,0,310,0,81,28,627,425,526
COOP:473269,196806,220,0,0,697,0,89,41,745,549,647
COOP:473269,196807,48,0,0,200,0,89,42,790,576,683
COOP:473269,196808,106,0,0,266,0,94,39,791,559,675
COOP:473269,196809,97,0,0,331,0,87,40,725,506,616
COOP:473269,196810,50,0,0,101,0,84,20,603,407,505
COOP:473269,196811,45,1,1,101,24,65,18,421,275,348
COOP:473269,196812,54,18,18,269,267,52,-18,294,144,219
COOP:473269,196901,67,20,31,260,118,40,-16,217,62,140
COOP:473269,196902,4,6,28,4,5,36,-7,284,130,207
COOP:473269,196903,53,2,18,104,22,49,1,336,152,244
COOP:473269,196904,70,0,0,286,0,70,22,542,327,435
COOP:473269,196905,89,0,0,266,0,87,31,665,421,543
COOP:473269,196906,247,0,0,762,0,83,38,674,470,572
COOP:473269,196907,96,0,0,251,0,90,45,787,572,680
COOP:473269,196908,82,0,0,119,0,93,44,838,570,704
COOP:473269,196909,59,0,0,203,0,84,37,697,476,587
COOP:473269,196910,73,0,0,346,1,82,16,537,362,450
COOP:473269,196911,21,1,2,43,17,59,6,408,227,318
COOP:473269,196912,55,10,24,143,165,43,-7,281,137,209
COOP:473269,197001,19,13,31,73,98,35,-22,162,-18,72
COOP:473269,197002,10,8,28,23,29,43,-18,264,46,155
COOP:473269,197003,46,6,6,107,88,49,5,365,206,286
COOP:473269,197004,51,0,0,161,0,84,22,567,369,468
COOP:473269,197005,154,0,0,576,0,88,24,652,445,549
COOP:473269,197006,73,0,0,111,0,96,41,782,541,662
COOP:473269,197007,168,0,0,402,0,96,44,845,588,717
COOP:473269,197008,89,0,0,125,0,92,46,815,566,691
COOP:473269,197009,134,0,0,611,0,88,36,698,507,603
COOP:473269,197010,130,0,0,298,0,76,26,593,404,499
COOP:473269,197011,92,4,8,268,59,56,9,417,279,348
COOP:473269,197012,48,7,21,124,107,62,-14,285,110,198
COOP:473269,197101,47,19,31,160,208,33,-21,168,-30,69
COOP:473269,197102,81,19,28,203,110,40,-26,243,60,152
COOP:473269,197103,82,14,31,204,148,46,-1,343,174,259
COOP:473269,197104,52,0,0,105,2,75,15,551,322,437
COOP:473269,197105,103,0,0,167,0,83,30,662,398,530
COOP:473269,197106,65,0,0,187,0,97,42,818,578,698
COOP:473269,197107,79,0,0,344,0,91,45,798,557,678
COOP:473269,197108,127,0,0,299,0,89,45,773,532,653
COOP:473269,197109,135,0,0,336,0,87,35,727,518,623
COOP:473269,197110,46,0,0,201,0,84,30,629,463,546
COOP:473269,197111,103,10,5,321,126,66,11,422,272,347
COOP:473269,197112,116,10,-9999,315,132,42,-3,310,159,235
COOP:473269,197201,21,7,29,65,82,40,-28,199,5,102
COOP:473269,197202,19,8,29,96,121,40,-16,236,51,144
COOP:473269,197203,72,15,31,219,222,47,-12,334,153,244
COOP:473269,197204,43,5,9,145,23,69,11,486,301,394
COOP:473269,197205,35,0,0,82,0,90,32,735,456,596
COOP:473269,197206,104,0,0,225,0,91,36,772,512,642
COOP:473269,197207,76,0,0,185,0,95,43,809,587,698
COOP:473269,197208,128,0,0,586,0,92,41,787,574,681
COOP:473269,197209,137,0,0,576,0,80,34,696,494,595
COOP:473269,197210,96,0,0,184,0,73,20,545,360,453
COOP:473269,197211,75,0,0,115,7,57,13,406,293,350
COOP:473269,197212,78,13,30,249,173,39,-21,249,97,173
COOP:473269,197301,61,6,22,186,68,48,-13,286,138,212
COOP:473269,197302,34,4,10,72,57,40,-4,303,155,229
COOP:473269,197303,65,2,1,243,0,62,21,475,314,395
COOP:473269,197304,59,5,5,323,56,72,18,522,354,438
COOP:473269,197305,222,0,0,821,0,79,32,625,435,530
COOP:473269,197306,143,0,0,320,0,91,50,789,574,682
COOP:473269,197307,76,0,0,193,0,92,52,822,611,717
COOP:473269,197308,87,0,0,257,0,96,50,823,612,718
COOP:473269,197309,175,0,0,291,0,91,30,701,488,595
COOP:473269,197310,120,0,0,396,0,81,29,646,444,545
COOP:473269,197311,39,2,2,145,24,54,14,422,275,349
COOP:473269,197312,62,6,26,241,155,50,-14,275,142,209
COOP:473269,197401,84,4,31,171,44,40,-20,236,102,169
COOP:473269,197402,27,10,28,117,185,42,-7,255,87,171
COOP:473269,197403,31,6,10,107,112,61,-4,366,228,297
COOP:473269,197404,76,0,0,262,20,85,20,562,347,455
COOP:473269,197405,115,0,0,446,0,81,27,616,416,516
COOP:473269,197406,226,0,0,491,0,83,43,727,502,615
COOP:473269,197407,250,0,0,425,0,97,48,822,582,702
COOP:473269,197408,58,0,0,161,0,87,42,772,554,663
COOP:473269,197409,47,0,0,105,0,84,27,665,419,542
COOP:473269,197410,43,0,0,172,0,73,24,568,348,458
COOP:473269,197411,103,1,1,209,15,68,13,423,264,344
COOP:473269,197412,53,6,18,167,104,43,3,319,170,245
COOP:473269,197501,57,6,16,152,86,48,-5,283,122,203
COOP:473269,197502,55,10,28,148,195,41,-16,271,97,184
COOP:473269,197503,92,13,30,344,134,46,-6,325,157,241
COOP:473269,197504,58,1,3,235,0,70,13,479,298,389
COOP:473269,197505,141,0,0,279,0,87,37,717,483,600
COOP:473269,197506,194,0,0,527,0,89,40,753,553,653
COOP:473269,197507,44,0,0,178,0,93,47,824,595,710
COOP:473269,197508,383,0,0,904,0,93,45,789,571,680
COOP:473269,197509,90,0,0,318,0,78,33,650,442,546
COOP:473269,197510,17,0,0,36,0,82,24,614,383,499
COOP:473269,197511,121,2,5,342,44,68,12,486,296,391
COOP:473269,197512,33,6,16,84,93,55,-7,287,136,212
COOP:473269,197601,22,15,31,172,249,38,-18,230,25,128
COOP:473269,197602,55,14,29,133,124,45,-12,343,173,258
COOP:473269,197603,70,10,20,365,115,62,2,393,223,308
COOP:473269,197604,57,0,0,244,3,82,23,559,356,458
COOP:473269,197605,87,0,0,242,1,81,29,641,402,522
COOP:473269,197606,14,0,0,31,0,92,43,809,552,681
COOP:473269,197607,157,0,0,296,0,97,47,855,580,718
COOP:473269,197608,56,0,0,115,0,98,41,803,535,669
COOP:473269,197609,14,0,0,28,0,92,27,713,440,577
COOP:473269,197610,43,1,1,82,14,85,17,539,326,433
COOP:473269,197611,10,1,5,16,17,57,-9,363,164,264
COOP:473269,197612,17,6,31,61,121,38,-18,195,-13,91
COOP:473269,197701,12,10,31,67,121,32,-27,123,-61,31
COOP:473269,197702,105,6,12,138,24,45,-14,290,110,200
COOP:473269,197703,80,6,9,468,137,61,10,454,286,370
COOP:473269,197704,89,11,6,333,118,83,13,602,362,482
COOP:473269,197705,90,0,0,247,0,88,28,765,502,634
COOP:473269,197706,87,0,0,227,0,90,35,754,521,638
COOP:473269,197707,59,0,0,213,0,99,46,851,615,733
COOP:473269,197708,127,0,0,237,0,91,42,768,541,655
COOP:473269,197709,60,0,0,244,0,78,41,683,507,595
COOP:473269,197710,45,0,0,136,0,65,27,575,370,473
COOP:473269,197711,80,11,7,270,141,62,-4,411,255,333
COOP:473269,197712,53,14,28,231,270,41,-17,249,111,180
COOP:473269,197801,46,15,31,133,180,34,-14,195,32,114
COOP:473269,197802,14,11,28,35,71,32,-11,212,11,112
COOP:473269,197803,18,7,22,31,18,54,-10,353,151,252
COOP:473269,197804,89,0,0,344,0,73,26,494,312,403
COOP:473269,197805,138,0,0,338,0,89,25,689,453,571
COOP:473269,197806,74,0,0,272,0,90,39,760,511,636
COOP:473269,197807,127,0,0,603,0,88,45,775,571,673
COOP:473269,197808,171,0,0,436,0,90,47,794,575,685
COOP:473269,197809,140,0,-9999,482,0,88,36,719,528,624
COOP:473269,197810,108,0,0,233,0,71,28,567,374,471
COOP:473269,197811,153,5,11,293,96,69,2,410,249,330
COOP:473269,197812,37,10,31,130,150,39,-11,260,105,183
COOP:473269,197901,55,25,31,178,240,30,-25,142,-25,59
COOP:473269,197902,34,24,28,117,118,41,-21,188,-9,90
COOP:473269,197903,94,17,27,449,62,56,0,360,216,288
COOP:473269,197904,38,3,3,193,50,73,14,514,319,417
COOP:473269,197905,103,0,0,301,0,84,30,635,413,524
COOP:473269,197906,55,0,0,221,0,88,45,752,540,646
COOP:473269,197907,111,0,0,355,0,90,46,812,596,704
COOP:473269,197908,181,0,0,597,0,89,46,755,575,665
COOP:473269,197909,61,0,0,76,0,83,35,710,490,600
COOP:473269,197910,95,0,0,272,0,75,22,539,376,458
COOP:473269,197911,98,2,4,249,62,60,7,404,272,338
COOP:473269,197912,45,1,4,128,14,50,-7,359,194,277
COOP:473269,198001,94,4,13,192,73,47,-10,254,99,177
COOP:473269,198002,16,2,21,35,44,40,-8,255,89,172
COOP:473269,198003,51,6,15,100,114,52,-4,355,188,272
COOP:473269,198004,111,5,3,273,74,89,24,547,354,451
COOP:473269,198005,73,0,0,177,0,87,29,707,459,583
COOP:473269,198006,151,0,0,382,0,90,36,735,516,626
COOP:473269,198007,99,0,0,187,0,90,50,815,597,706
COOP:473269,198008,135,0,0,731,0,86,53,776,606,691
COOP:473269,198009,137,0,0,342,0,83,34,688,493,591
COOP:473269,198010,94,0,0,179,0,73,22,522,346,434
COOP:473269,198011,35,3,3,125,34,61,19,420,279,350
COOP:473269,198012,34,6,20,135,145,40,-14,270,124,197
COOP:473269,198101,6,6,31,12,23,42,-16,240,66,153
COOP:473269,198102,153,8,16,276,75,55,-15,305,153,229
COOP:473269,198103,15,2,3,42,25,70,14,448,245,347
COOP:473269,198104,172,0,0,422,0,73,24,558,355,457
COOP:473269,198105,18,0,0,56,0,81,30,661,411,536
COOP:473269,198106,80,0,0,263,0,90,47,760,551,656
COOP:473269,198107,37,0,0,83,0,92,46,805,581,693
COOP:473269,198108,85,0,0,337,0,88,43,780,584,682
COOP:473269,198109,100,0,0,325,0,86,34,667,468,568
COOP:473269,198110,136,1,1,344,10,67,19,536,363,450
COOP:473269,198111,66,2,3,108,27,66,12,459,278,369
COOP:473269,198112,42,3,15,110,114,41,-2,299,158,229
COOP:473269,198201,46,21,31,134,280,35,-28,169,-35,67
COOP:473269,198202,5,15,28,14,20,44,-20,241,75,158
COOP:473269,198203,69,7,23,195,60,60,-4,356,212,284
COOP:473269,198204,93,1,4,266,29,73,15,505,300,403
COOP:473269,198205,123,0,0,274,0,85,37,711,505,608
COOP:473269,198206,99,0,0,267,0,86,37,710,475,593
COOP:473269,198207,194,0,0,510,0,91,47,812,603,708
COOP:473269,198208,92,0,0,291,0,92,44,753,549,651
COOP:473269,198209,41,0,0,143,0,82,35,666,486,576
COOP:473269,198210,54,0,0,120,0,79,25,583,403,493
COOP:473269,198211,166,2,3,451,26,62,5,403,263,333
COOP:473269,198212,101,0,0,250,13,60,3,339,221,280
COOP:473269,198301,25,4,20,72,85,39,-6,278,150,214
COOP:473269,198302,44,12,28,146,153,48,-5,316,209,263
COOP:473269,198303,37,6,13,152,114,56,7,372,249,311
COOP:473269,198304,66,1,1,139,6,74,20,488,322,405
COOP:473269,198305,152,0,0,480,0,72,27,584,392,488
COOP:473269,198306,76,0,0,182,0,92,39,757,533,645
COOP:473269,198307,122,0,0,376,0,92,43,834,623,729
COOP:473269,198308,257,0,0,527,0,91,51,807,608,708
COOP:473269,198309,100,0,0,359,0,88,34,698,498,598
COOP:473269,198310,98,0,0,224,0,79,28,575,394,485
COOP:473269,198311,80,4,3,263,72,60,16,432,298,365
COOP:473269,198312,57,10,31,118,127,34,-27,175,37,106
COOP:473269,198401,22,10,31,59,105,37,-24,210,43,127
COOP:473269,198402,50,9,14,159,18,53,2,349,217,283
COOP:473269,198403,64,2,5,164,65,47,-3,331,175,253
COOP:473269,198404,146,0,0,333,0,74,24,536,354,445
COOP:473269,198405,51,0,0,165,0,78,28,628,406,517
COOP:473269,198406,142,0,0,560,0,86,50,775,573,674
COOP:473269,198407,214,0,0,317,0,88,46,796,575,686
COOP:473269,198408,95,0,0,378,0,88,46,795,594,695
COOP:473269,198409,157,0,0,566,0,84,29,672,477,575
COOP:473269,198410,206,0,0,492,0,69,25,592,427,510
COOP:473269,198411,70,2,1,255,20,61,14,432,264,348
COOP:473269,198412,35,5,14,172,159,54,-15,316,164,240
COOP:473269,198501,23,9,31,86,138,36,-25,208,36,122
COOP:473269,198502,121,13,26,255,151,48,-24,253,98,176
COOP:473269,198503,92,7,10,270,177,59,2,422,262,342
COOP:473269,198504,48,2,5,224,62,82,18,581,370,476
COOP:473269,198505,94,0,0,258,0,81,34,701,469,585
COOP:473269,198506,100,0,0,221,0,89,39,738,508,623
COOP:473269,198507,144,0,0,403,0,91,46,809,572,691
COOP:473269,198508,143,0,0,803,0,88,48,760,568,664
COOP:473269,198509,76,0,0,365,0,89,33,697,519,608
COOP:473269,198510,120,0,0,272,0,70,29,575,391,483
COOP:473269,198511,223,8,14,496,165,58,3,368,250,309
COOP:473269,198512,101,19,31,183,227,33,-18,186,2,94
COOP:473269,198601,27,17,31,60,68,41,-17,255,79,167
COOP:473269,198602,32,15,28,83,99,36,-8,257,105,181
COOP:473269,198603,111,13,25,248,68,77,0,415,235,325
COOP:473269,198604,62,0,0,226,5,84,24,585,376,481
COOP:473269,198605,61,0,0,115,0,87,28,687,466,577
COOP:473269,198606,125,0,0,406,0,89,38,753,525,639
COOP:473269,198607,126,0,0,495,0,94,44,819,610,715
COOP:473269,198608,100,0,0,385,0,84,39,749,536,643
COOP:473269,198609,220,0,0,751,0,82,35,681,504,593
COOP:473269,198610,49,0,0,189,0,71,29,566,394,480
COOP:473269,198611,40,9,12,127,91,58,2,383,210,297
COOP:473269,198612,21,3,29,48,52,35,-9,303,192,248
COOP:473269,198701,18,5,31,47,78,44,-14,289,143,216
COOP:473269,198702,20,5,8,39,16,44,6,370,187,279
COOP:473269,198703,53,5,10,153,108,69,9,447,255,351
COOP:473269,198704,99,4,4,233,16,84,18,605,376,491
COOP:473269,198705,45,0,0,258,0,86,33,705,471,588
COOP:473269,198706,114,0,0,183,0,97,41,807,573,690
COOP:473269,198707,107,0,0,218,0,93,46,843,617,730
COOP:473269,198708,85,0,0,341,0,92,41,775,577,676
COOP:473269,198709,45,0,0,157,0,84,37,720,501,611
COOP:473269,198710,66,0,0,176,0,68,21,530,333,432
COOP:473269,198711,69,0,0,307,18,69,11,450,302,376
COOP:473269,198712,65,12,17,204,158,47,4,337,204,271
COOP:473269,198801,46,17,31,179,206,41,-19,211,39,125
COOP:473269,198802,18,11,29,73,89,44,-10,239,60,150
COOP:473269,198803,58,3,12,110,18,58,8,406,235,321
COOP:473269,198804,70,0,0,253,4,68,22,552,329,441
COOP:473269,198805,3,0,0,6,0,90,32,741,454,598
COOP:473269,198806,57,0,0,67,0,98,37,829,536,683
COOP:473269,198807,81,0,0,234,0,98,45,860,608,734
COOP:473269,198808,76,0,0,347,0,99,45,832,614,723
COOP:473269,198809,130,0,0,411,0,86,38,715,504,610
COOP:473269,198810,82,0,0,196,0,72,16,520,327,424
COOP:473269,198811,94,5,4,443,115,59,18,436,305,371
COOP:473269,198812,33,5,21,84,58,44,-3,289,124,207
COOP:473269,198901,16,1,18,41,15,48,-2,332,178,255
COOP:473269,198902,22,3,24,38,86,39,-11,220,40,130
COOP:473269,198903,125,14,26,288,242,71,-5,340,166,253
COOP:473269,198904,14,0,0,49,3,70,17,521,316,419
COOP:473269,198905,205,0,0,422,0,82,26,665,432,549
COOP:473269,198906,48,0,0,156,0,86,43,741,527,634
COOP:473269,198907,67,0,0,227,0,93,49,826,592,709
COOP:473269,198908,50,0,0,105,0,92,46,808,566,687
COOP:473269,198909,52,0,0,58,0,85,28,724,455,590
COOP:473269,198910,168,0,0,476,16,81,25,603,388,496
COOP:473269,198911,93,0,0,125,15,56,6,393,234,314
COOP:473269,198912,23,9,18,55,153,38,-20,188,35,112
COOP:473269,199001,26,7,30,64,107,43,6,347,182,265
COOP:473269,199002,20,3,26,58,69,45,-5,317,128,223
COOP:473269,199003,102,3,6,325,27,70,7,429,250,340
COOP:473269,199004,24,2,1,128,27,88,19,587,365,476
COOP:473269,199005,120,2,2,399,43,81,29,630,419,525
COOP:473269,199006,490,0,0,1029,0,87,36,766,553,660
COOP:473269,199007,83,0,0,293,0,91,49,786,585,686
COOP:473269,199008,72,0,0,251,0,90,46,774,577,676
COOP:473269,199009,272,0,0,513,0,90,38,719,516,618
COOP:473269,199010,51,0,0,234,0,75,27,571,372,472
COOP:473269,199011,47,1,2,161,12,72,20,492,307,400
COOP:473269,199012,92,13,28,210,269,46,-15,297,124,211
COOP:473269,199101,25,10,31,57,88,40,-15,226,50,138
COOP:473269,199102,16,6,28,37,69,45,-3,318,152,235
COOP:473269,199103,75,2,8,287,53,66,8,420,252,336
COOP:473269,199104,94,4,2,277,75,84,25,581,376,479
COOP:473269,199105,65,0,0,242,0,90,33,712,515,614
COOP:473269,199106,41,0,0,108,0,95,48,801,582,692
COOP:473269,199107,78,0,0,416,0,91,47,801,594,698
COOP:473269,199108,97,0,0,211,0,93,48,809,589,699
COOP:473269,199109,66,0,0,255,0,88,28,690,479,585
COOP:473269,199110,92,0,0,350,0,75,24,572,391,482
COOP:473269,199111,67,5,9,272,87,61,-3,383,221,302
COOP:473269,199112,64,7,20,142,107,45,-1,316,174,245
COOP:473269,199201,23,1,10,72,43,39,-9,291,167,229
COOP:473269,199202,17,2,11,55,74,45,1,337,204,271
COOP:473269,199203,104,3,11,248,90,53,5,385,222,304
COOP:473269,199204,110,1,1,301,28,71,22,497,343,420
COOP:473269,199205,85,0,0,154,0,88,28,701,430,566
COOP:473269,199206,80,0,0,161,0,91,37,743,503,623
COOP:473269,199207,148,0,0,418,0,82,44,751,547,649
COOP:473269,199208,56,0,0,210,0,90,41,760,526,643
COOP:473269,199209,248,0,0,561,0,86,30,689,481,585
COOP:473269,199210,25,1,1,92,12,82,21,564,372,468
COOP:473269,199211,153,4,9,532,85,52,11,382,273,328
COOP:473269,199212,97,9,24,227,155,39,-3,308,165,237
COOP:473269,199301,48,7,22,142,118,49,-8,279,113,196
COOP:473269,199302,27,5,8,34,56,42,-11,269,110,190
COOP:473269,199303,26,3,10,76,72,62,2,381,223,302
COOP:473269,199304,98,2,5,399,72,72,21,496,312,404
COOP:473269,199305,126,0,0,428,0,84,31,675,449,562
COOP:473269,199306,189,0,0,682,0,86,39,726,530,628
COOP:473269,199307,248,0,0,683,0,86,53,800,606,703
COOP:473269,199308,79,0,0,230,0,92,49,801,604,703
COOP:473269,199309,116,0,0,278,0,79,28,652,456,554
COOP:473269,199310,102,0,0,229,0,75,25,557,361,459
COOP:473269,199311,46,1,4,156,16,57,17,410,264,337
COOP:473269,199312,14,1,7,44,19,46,-9,309,196,253
COOP:473269,199401,36,14,30,147,300,34,-28,152,-28,62
COOP:473269,199402,42,13,25,111,164,49,-21,235,54,145
COOP:473269,199403,25,4,8,114,81,65,11,424,242,333
COOP:473269,199404,186,3,3,591,36,83,19,555,335,445
COOP:473269,199405,93,0,0,169,0,86,33,698,444,571
COOP:473269,199406,102,0,0,284,0,94,40,796,562,679
COOP:473269,199407,252,0,0,700,0,88,51,796,600,698
COOP:473269,199408,208,0,0,369,0,89,46,755,562,659
COOP:473269,199409,138,0,0,219,0,88,41,737,536,637
COOP:473269,199410,45,0,0,98,0,74,31,606,418,512
COOP:473269,199411,45,0,0,143,13,60,17,478,310,394
COOP:473269,199412,20,3,7,34,43,52,6,368,225,297
COOP:473269,199501,20,5,21,65,98,42,-7,276,151,214
COOP:473269,199502,14,3,22,39,68,43,-9,286,126,206
COOP:473269,199503,109,6,9,192,71,73,-2,430,261,346
COOP:473269,199504,104,1,1,222,19,64,11,496,314,405
COOP:473269,199505,95,0,0,288,0,83,37,672,448,560
COOP:473269,199506,99,0,0,180,0,96,41,826,589,708
COOP:473269,199507,29,0,0,115,0,103,50,845,616,731
COOP:473269,199508,160,0,0,731,0,91,56,824,654,739
COOP:473269,199509,98,0,0,276,0,87,28,693,472,583
COOP:473269,199510,124,0,0,480,0,80,28,578,406,492
COOP:473269,199511,178,10,9,332,171,51,4,353,202,278
COOP:473269,199512,49,8,31,125,112,40,-10,259,119,189
COOP:473269,199601,38,18,31,177,315,48,-21,232,41,137
COOP:473269,199602,56,16,24,76,29,50,-28,261,101,181
COOP:473269,199603,41,1,8,116,48,55,-4,346,169,258
COOP:473269,199604,70,5,6,385,100,76,18,501,312,407
COOP:473269,199605,36,0,0,140,0,88,30,628,430,529
COOP:473269,199606,147,0,0,557,0,95,44,754,570,662
COOP:473269,199607,65,0,0,249,0,86,46,765,551,658
COOP:473269,199608,44,0,0,140,0,88,44,795,565,680
COOP:473269,199609,65,0,0,140,0,84,35,708,481,595
COOP:473269,199610,88,0,0,293,0,77,23,584,349,467
COOP:473269,199611,30,2,7,80,37,60,-1,366,203,285
COOP:473269,199612,75,11,16,189,194,39,-22,277,157,217
COOP:473269,199701,67,10,31,181,172,42,-14,229,73,151
COOP:473269,199702,47,10,28,140,155,46,-11,294,128,211
COOP:473269,199703,75,17,25,192,207,57,-12,365,212,289
COOP:473269,199704,136,0,0,167,3,75,14,542,303,423
COOP:473269,199705,66,0,0,260,2,72,29,600,382,491
COOP:473269,199706,150,0,0,551,0,87,41,757,528,643
COOP:473269,199707,101,0,0,211,0,87,44,773,555,664
COOP:473269,199708,168,0,0,573,0,87,43,737,537,637
COOP:473269,199709,88,0,0,276,0,82,38,708,492,600
COOP:473269,199710,37,0,0,93,2,82,20,589,365,477
COOP:473269,199711,12,0,0,30,7,55,7,396,242,319
COOP:473269,199712,49,5,14,61,62,44,4,334,223,279
COOP:473269,199801,47,16,23,221,242,48,-11,283,161,222
COOP:473269,199802,36,11,20,80,12,54,2,376,249,313
COOP:473269,199803,122,3,11,366,115,71,6,403,258,331
COOP:473269,199804,104,0,0,185,21,73,26,583,354,469
COOP:473269,199805,71,0,0,221,0,88,37,725,485,605
COOP:473269,199806,158,0,0,617,0,90,36,753,544,649
COOP:473269,199807,89,0,0,186,0,89,49,806,581,694
COOP:473269,199808,190,0,0,293,0,88,46,803,586,695
COOP:473269,199809,189,0,0,354,0,89,34,763,506,635
COOP:473269,199810,85,0,0,156,0,75,26,607,410,509
COOP:473269,199811,86,0,0,167,3,63,18,474,314,394
COOP:473269,199812,9,2,11,30,54,62,-9,371,176,274
COOP:473269,199901,70,10,31,237,212,42,-19,223,74,149
COOP:473269,199902,50,4,11,110,22,58,11,358,208,283
COOP:473269,199903,11,2,2,15,44,73,8,444,236,340
COOP:473269,199904,75,0,0,211,0,77,26,567,350,459
COOP:473269,199905,93,0,0,377,0,86,34,689,472,581
COOP:473269,199906,94,0,0,398,0,88,39,768,540,654
COOP:473269,199907,131,0,0,567,0,96,48,831,613,722
COOP:473269,199908,43,0,0,132,0,87,44,761,547,654
COOP:473269,199909,46,0,0,124,0,90,31,716,456,586
COOP:473269,199910,16,0,0,67,0,73,21,577,345,461
COOP:473269,199911,150,0,0,157,0,74,13,517,282,400
COOP:473269,199912,26,2,16,83,54,55,-11,326,155,241
COOP:473269,200001,15,9,31,87,154,37,-12,250,61,156
COOP:473269,200002,30,12,25,104,113,61,-18,339,150,245
COOP:473269,200003,23,1,1,98,21,78,14,505,283,394
COOP:473269,200004,151,2,2,215,25,75,18,535,311,423
COOP:473269,200005,117,0,0,441,0,83,33,676,460,568
COOP:473269,200006,126,0,0,533,0,87,41,738,537,638
COOP:473269,200007,412,0,0,627,0,87,46,767,572,670
COOP:473269,200008,93,0,0,338,0,90,43,771,571,671
COOP:473269,200009,180,0,0,394,0,83,32,685,475,580
COOP:473269,200010,13,0,0,46,0,74,26,614,399,507
COOP:473269,200011,18,3,7,125,78,66,8,403,274,339
COOP:473269,200012,30,17,27,116,289,34,-22,206,22,114
COOP:473269,200101,53,12,31,119,56,37,-7,283,123,203
COOP:473269,200102,48,9,28,126,78,42,-7,250,98,174
COOP:473269,200103,14,5,17,42,47,48,12,370,219,295
COOP:473269,200104,121,1,1,366,19,81,21,585,370,478
COOP:473269,200105,103,0,0,474,0,82,37,675,470,573
COOP:473269,200106,98,0,0,517,0,89,44,759,552,656
COOP:473269,200107,29,0,0,85,0,93,47,826,586,706
COOP:473269,200108,92,0,0,342,0,97,47,817,596,707
COOP:473269,200109,61,0,0,235,0,84,35,688,477,583
COOP:473269,200110,45,0,0,171,0,77,21,574,372,473
COOP:473269,200111,31,0,0,170,0,68,24,528,339,434
COOP:473269,200112,52,1,2,123,18,64,6,368,234,301
COOP:473269,200201,27,5,15,60,120,53,-6,331,187,259
COOP:473269,200202,61,8,19,150,85,45,-5,350,189,270
COOP:473269,200203,62,9,16,208,171,54,-13,347,187,267
COOP:473269,200204,68,4,4,302,75,84,22,540,356,448
COOP:473269,200205,83,0,0,281,0,82,30,608,402,505
COOP:473269,200206,159,0,0,469,0,92,43,761,573,667
COOP:473269,200207,65,0,0,216,0,96,51,835,628,732
COOP:473269,200208,152,0,0,401,0,90,47,788,565,677
COOP:473269,200209,100,0,0,267,0,88,35,741,510,626
COOP:473269,200210,117,0,0,326,18,83,24,525,348,437
COOP:473269,200211,18,0,0,44,9,62,11,424,253,339
COOP:473269,200212,49,2,2,73,33,49,2,336,190,263
COOP:473269,200301,31,5,6,58,96,49,-10,239,88,164
COOP:473269,200302,22,9,28,56,92,45,-13,236,44,140
COOP:473269,200303,58,5,14,232,91,65,-7,391,209,300
COOP:473269,200304,71,5,5,236,50,82,12,514,315,415
COOP:473269,200305,83,0,0,317,0,77,28,639,422,531
COOP:473269,200306,147,0,0,371,0,88,36,739,524,632
COOP:473269,200307,175,0,0,426,0,90,46,790,568,679
COOP:473269,200308,129,0,0,415,0,88,47,803,579,691
COOP:473269,200309,109,0,0,332,0,86,31,713,494,604
COOP:473269,200310,45,0,0,105,0,80,24,587,372,480
COOP:473269,200311,154,0,0,383,3,62,11,432,289,361
COOP:473269,200312,76,2,6,168,25,46,3,351,208,280
COOP:473269,200401,47,10,21,124,163,39,-14,203,41,122
COOP:473269,200402,54,15,28,162,166,50,-13,311,120,216
COOP:473269,200403,108,2,4,358,84,63,12,421,282,352
COOP:473269,200404,34,0,0,156,7,79,24,559,349,454
COOP:473269,200405,160,0,0,831,0,83,27,631,441,536
COOP:473269,200406,167,0,0,487,0,88,42,735,531,633
COOP:473269,200407,104,0,0,178,0,87,45,781,570,676
COOP:473269,200408,64,0,0,200,0,85,39,751,534,643
COOP:473269,200409,26,0,0,47,0,85,31,777,515,646
COOP:473269,200410,132,0,0,370,0,80,24,600,400,500
COOP:473269,200411,61,0,0,180,0,62,16,463,318,391
COOP:473269,200412,81,8,11,226,147,48,-15,308,156,232
COOP:473269,200501,40,10,26,160,178,38,-10,242,97,170
COOP:473269,200502,32,6,17,133,111,50,1,329,192,261
COOP:473269,200503,50,7,21,133,120,63,-8,372,172,272
COOP:473269,200504,86,0,0,153,0,80,29,592,352,472
COOP:473269,200505,63,0,0,252,0,81,30,642,439,541
COOP:473269,200506,166,0,0,344,0,92,47,815,605,710
COOP:473269,200507,60,0,0,146,0,93,49,826,583,705
COOP:473269,200508,166,0,0,423,0,91,48,805,574,690
COOP:473269,200509,95,0,0,308,0,90,39,763,524,644
COOP:473269,200510,45,0,0,159,0,86,27,613,418,516
COOP:473269,200511,84,2,2,307,41,60,8,446,292,369
COOP:473269,200512,33,8,31,104,127,38,-8,261,134,198
COOP:473269,200601,54,3,5,164,20,51,14,355,256,306
COOP:473269,200602,68,13,27,134,157,38,-17,274,107,191
COOP:473269,200603,16,8,10,116,35,64,8,415,245,330
COOP:473269,200604,44,0,0,197,0,78,24,603,383,493
COOP:473269,200605,156,0,0,590,0,89,29,676,480,578
COOP:473269,200606,92,0,0,283,0,90,42,767,545,656
COOP:473269,200607,91,0,0,314,0,98,51,854,612,733
COOP:473269,200608,96,0,0,211,0,91,46,786,567,677
COOP:473269,200609,121,0,0,333,0,85,34,692,467,580
COOP:473269,200610,125,0,0,314,0,77,22,545,356,451
COOP:473269,200611,53,1,1,123,15,65,18,468,320,394
COOP:473269,200612,124,2,9,288,43,49,2,365,244,305
COOP:473269,200701,19,5,17,63,98,47,-3,297,163,230
COOP:473269,200702,86,14,26,139,180,48,-14,233,72,153
COOP:473269,200703,73,14,13,274,89,78,-8,452,264,358
COOP:473269,200704,54,3,2,172,68,85,20,542,350,446
COOP:473269,200705,64,0,0,239,0,88,36,721,473,597
COOP:473269,200706,139,0,0,371,0,90,45,792,557,675
COOP:473269,200707,109,0,0,241,0,93,47,815,576,696
COOP:473269,200708,88,0,0,272,0,91,46,798,588,693
COOP:473269,200709,143,0,0,316,0,92,32,750,502,626
COOP:473269,200710,151,0,0,362,0,87,29,644,452,548
COOP:473269,200711,4,0,0,11,7,57,9,425,271,348
COOP:473269,200712,77,8,30,254,241,46,-7,291,139,215
COOP:473269,200801,89,12,29,365,285,45,-14,245,95,170
COOP:473269,200802,109,18,29,230,245,36,-18,244,73,159
COOP:473269,200803,121,17,25,252,43,48,-4,359,192,276
COOP:473269,200804,88,2,2,461,53,73,28,546,377,462
COOP:473269,200805,47,0,0,143,0,82,32,663,415,539
COOP:473269,200806,170,0,0,477,0,87,47,766,577,672
COOP:473269,200807,132,0,0,471,0,88,50,814,601,708
COOP:473269,200808,40,0,0,59,0,90,47,818,558,688
COOP:473269,200809,66,0,0,189,0,90,39,718,505,612
COOP:473269,200810,71,0,0,159,0,82,28,584,382,483
COOP:473269,200811,37,3,3,149,67,74,9,421,272,347
COOP:473269,200812,46,19,31,372,456,45,-10,239,60,150
COOP:473269,200901,22,16,31,66,102,37,-21,177,-26,76
COOP:473269,200902,60,12,28,155,157,50,-6,298,130,214
COOP:473269,200903,80,7,18,259,91,66,-9,393,226,310
COOP:473269,200904,74,0,0,262,4,82,24,537,334,436
COOP:473269,200905,115,0,0,301,0,86,34,660,443,552
COOP:473269,200906,111,0,0,253,0,95,39,741,548,645
COOP:473269,200907,58,0,0,133,0,85,48,766,541,654
COOP:473269,200908,87,0,0,333,0,87,40,764,554,659
COOP:473269,200909,33,0,0,122,0,85,31,739,486,613
COOP:473269,200910,101,0,0,516,0,66,27,510,375,443
COOP:473269,200911,63,0,0,138,0,68,25,498,337,418
COOP:473269,200912,78,13,23,228,207,46,-5,277,131,204
COOP:473269,201001,34,10,31,67,55,39,-4,245,119,182
COOP:473269,201002,39,9,28,105,168,38,-1,300,151,226
COOP:473269,201003,14,6,11,31,0,73,14,479,276,378
COOP:473269,201004,122,4,2,363,58,79,27,608,398,503
COOP:473269,201005,84,0,0,199,10,90,31,697,479,588
COOP:473269,201006,116,0,0,673,0,84,45,741,565,653
COOP:473269,201007,165,0,0,951,0,88,49,823,628,726
COOP:473269,201008,298,0,0,442,0,91,48,825,627,726
COOP:473269,201009,252,0,0,448,0,81,38,684,482,583
COOP:473269,201010,66,0,0,212,0,79,28,608,396,502
COOP:473269,201011,34,0,0,133,3,64,16,456,293,375
COOP:473269,201012,69,14,22,191,222,43,-13,267,135,201
COOP:473269,201101,25,11,6,123,191,42,-15,216,62,139
COOP:473269,201102,82,13,3,134,178,47,-17,275,124,200
COOP:473269,201103,133,18,3,308,223,53,2,369,200,285
COOP:473269,201104,175,9,1,624,109,76,27,498,344,421
COOP:473269,201105,109,0,0,281,0,84,30,636,457,547
COOP:473269,201106,128,0,0,512,0,97,45,747,548,648
COOP:473269,201107,225,0,0,530,0,95,56,848,654,751
COOP:473269,201108,72,0,0,171,0,86,49,801,582,692
COOP:473269,201109,139,0,0,454,0,84,36,683,470,577
COOP:473269,201110,56,0,0,166,0,81,29,620,407,514
COOP:473269,201111,170,1,1,342,20,60,21,460,323,392
COOP:473269,201112,68,2,1,140,29,43,9,352,230,291
COOP:473269,201201,43,4,5,140,107,51,-9,325,148,237
COOP:473269,201202,51,4,2,112,80,44,2,365,219,292
COOP:473269,201203,56,6,2,221,81,82,3,556,371,464
COOP:473269,201204,89,0,0,239,0,73,27,572,352,462
COOP:473269,201205,125,0,0,343,0,90,39,728,493,611
COOP:473269,201206,113,0,0,171,0,93,45,828,581,705
COOP:473269,201207,148,0,0,601,0,99,56,875,647,761
COOP:473269,201208,199,0,0,366,0,89,46,797,573,685
COOP:473269,201209,55,0,0,109,0,84,32,714,454,584
COOP:473269,201210,202,0,0,492,0,72,26,567,372,470
COOP:473269,201211,84,0,1,105,15,64,11,449,286,368
COOP:473269,201212,118,12,5,254,228,62,0,349,225,287
COOP:473269,201301,64,9,3,236,148,45,-8,279,105,192
COOP:473269,201302,50,11,6,229,189,40,-9,278,105,192
COOP:473269,201303,73,10,3,200,84,48,2,339,189,264
COOP:473269,201304,97,3,3,338,78,84,24,487,334,410
COOP:473269,201305,98,0,0,372,0,86,30,669,457,563
COOP:473269,201306,88,0,0,382,0,87,41,756,560,658
COOP:473269,201307,126,0,0,335,0,93,50,805,604,705
COOP:473269,201308,163,0,0,305,0,89,43,801,572,686
COOP:473269,201309,139,0,0,289,0,90,36,729,488,609
COOP:473269,201310,117,0,0,295,0,81,24,589,392,491
COOP:473269,201311,95,0,0,344,12,58,6,415,271,343
COOP:473269,201312,37,15,9,189,264,45,-19,227,73,150
COOP:473269,201401,45,15,6,133,170,39,-21,184,-9,87
COOP:473269,201402,44,22,5,146,177,41,-21,186,-26,80
COOP:473269,201403,39,18,4,91,61,53,-24,325,133,229
COOP:473269,201404,102,2,1,401,37,69,19,500,331,416
COOP:473269,201405,105,0,0,295,0,86,31,672,460,566
COOP:473269,201406,98,0,0,405,0,86,45,766,580,673
COOP:473269,201407,65,0,0,121,0,91,49,783,566,675